"Gene","padj_1","p_value_1","t","B","log2FC_1","SPOT_ID","GB_ACC","SEQUENCE","padj_2","p_value_2","lfcSE","stat","log2FC_2","baseMean","Symbol","Description","Regulation"
7162,1.42e-06,2.9e-08,7.220909,8.943108,1.2907532,"A_23_P348063","NM_004711","AATTCCCAGGGGACTGACGTTAGTTCCCTACTCCATCCTTCCCTGGTGATTCTTGATCTT",NA,0.0108,0.701,2.5490121,1.7865058,23.28,"TPBG","trophoblast glycoprotein","Upregulated"
11156,5.9e-05,3.81e-06,5.54078,4.150497,1.4267958,"A_23_P114095","NM_015884","ACTCTGGATGGTTACAGCACGGTAATGTTTGCACTCATCTGACAGAATCCCTGAGTTACA",NA,0.00309,0.48,2.9584439,1.4188452,50.92,"PTP4A3","protein tyrosine phosphatase 4A3","Upregulated"
10335,0.000477,5.37e-05,4.640111,1.568118,1.4847514,"A_23_P103877","NM_001010847","ATATAATAGGCCTCAGCAACCTTGGGATGTTATACTGGGAACTAATAAACTCGTGTGCAA",0.2563,0.00142,0.326,3.1900854,1.0386989,781.68,"IRAG1","inositol 1,4,5-triphosphate receptor associated 1","Upregulated"
2831,0.00122,0.000173,4.235585,0.433563,1.5433761,"A_23_P11256","NM_138703","TGGTAAAATAGGCATTGGGGCTCTAAATTAGAATCCAGGTAGGGCTTGTGTGGGAAGTAC",NA,0.226,0.774,1.2119155,0.9386164,17.35,"NPBWR1","neuropeptides B and W receptor 1","Upregulated"
9111,0.015,0.00384,3.111229,-2.521252,1.5473907,"A_32_P109876","NM_033026","AAGTACTTGAAGATATGTCTTGTTTCTAACTATATGTTGCATGCCATGTTGGTGATTTGC",NA,0.247,0.78,1.156881,0.9025581,22.84,"NMI","N-myc and STAT interactor","Upregulated"
3082,9.66e-05,7.22e-06,5.32395,3.525267,1.2564935,"A_23_P75283","NM_006744","TCAGTTCCCATAAAACCTTCATTACACATAAAGATACACGTGGGGGTCAGTGAATCTGCT",NA,0.0501,0.46,1.9589394,0.9005544,113.66,"HGF","hepatocyte growth factor","Upregulated"
4846,5.01e-05,3.09e-06,5.612411,4.357158,1.5072509,"tc|THC2605882","","GATCTTTTCCACCTGCTCTTCCCATTTCCTTGTGGTCACCATCTTTTATACTTCAGGAGT",NA,0.254,0.677,1.1413595,0.7726301,56.51,"NOS3","nitric oxide synthase 3","Upregulated"
6401,0.000628,7.57e-05,4.522065,1.23459,1.4291994,"A_24_P293530","NM_178033","CACAGTGTGTCAGCTAGATCTGTTTCTATATAACTTTGGGAGATTTTCAGATCTTTTCTG",NA,0.48,1.088,0.7070485,0.769267,21.08,"SELE","selectin E","Upregulated"
3930,0.00274,0.000473,-3.882152,-0.533403,-1.9127645,"A_33_P3240787","XR_108893","TATTCAAGGCCTTCCTGTCGGATAGGATGGGGAAGTCCTGAGAGAGACCCAGTGTGCGCA",NA,0.138,0.491,1.4814831,0.7276691,104.71,"LBR","lamin B receptor","Downregulated"
1326,6.16e-05,4.03e-06,-5.521812,4.095774,-3.6678385,"linc|TCONS_00016405","","AGAGAGCAACACCAAAAACCCATGGCCAATAATGGAGAGCCAAATCAGGTGACAAGTTAC",NA,0.054,0.363,1.9266995,0.6984912,98.66,"MAP3K8","mitogen-activated protein kinase kinase kinase 8","Downregulated"
4994,0.000639,7.76e-05,4.513507,1.21048,1.1064426,"A_19_P00326179","NR_033354","CAATATTTTATTGCCTACTCATGTTTTATGTCCCCTGGATTACAGCACTGTCATTCCACT",NA,0.428,0.879,0.7929016,0.6972141,13.03,"OR3A1","olfactory receptor family 3 subfamily A member 1","Upregulated"
28978,0.000337,3.46e-05,-4.790434,1.995182,-1.2367408,"A_21_P0014732","XR_113072","GAAAGGCAAGGTATACAACAGTTTCAGTGTGGACTGAATTTTACCAAAAATACATAAGAG",NA,0.245,0.6,1.1617687,0.6971052,67.58,"TMEM14A","transmembrane protein 14A","Downregulated"
4502,4.46e-07,6.54e-09,7.751166,10.4075,3.4616015,"A_24_P178065","BC038806","CTCCTGCTATCCTTCTTCTTCCCATATCACTATTAATAGGCTTGTTTGGCTATCTTGAAG",NA,0.0379,0.335,2.076454,0.6952403,201.79,"MT2A","metallothionein 2A","Upregulated"
55803,0.00572,0.00117,-3.555369,-1.399808,-1.5496416,"A_23_P7048","NM_005750","TTGGGAAGGAAGGAACACGCAAAAATTTTTACCTTCTTCTTTCAATTGGACACTATGGAC",NA,0.171,0.486,1.3677982,0.6644324,61.77,"ADAP2","ArfGAP with dual PH domains 2","Downregulated"
11067,4.11e-09,1.16e-11,10.162832,16.616296,2.0869757,"linc|TCONS_l2_00003281|linc|TCONS_l2_00003282","","ATATCCTCATCCCCTGTCTGGCCCCTTGGATTTGATTTGAGCCTCTGTGATTAGAATGAT",NA,0.19,0.49,1.3111507,0.6421281,204.79,"DEPP1","DEPP autophagy regulator 1","Upregulated"
3357,2.52e-06,6.31e-08,6.948154,8.178416,2.7812305,"linc|TCONS_00024751","","TGCCTCCTCTCACACACACAGATGCGCAAGGTCAAAGCTAGGTCTCCATTATGACCCCTT",NA,0.326,0.63,0.9825066,0.6192034,26.89,"HTR2B","5-hydroxytryptamine receptor 2B","Upregulated"
5026,0.00219,0.000359,3.979646,-0.269423,1.7885135,"A_23_P344194","NM_001013635","TTTACCTGGAAATTAAGGAATTGGGGGTATTTTGTTCTGGCAACAGGAAATTTACCCTTC",NA,0.23,0.505,1.1998842,0.6056613,19.69,"P2RX5","purinergic receptor P2X 5","Upregulated"
57415,0.000151,1.25e-05,-5.136692,2.986368,-1.8067447,"linc|TCONS_l2_00017656","","AAGATATTGCGCTTGATATTGCGGAGGAGGTGTTATCTGAAATGGTGAGATGCATTCCTT",NA,0.232,0.503,1.1945943,0.6013241,106.42,"C3orf14","chromosome 3 open reading frame 14","Downregulated"
9314,0.00341,0.000618,3.786438,-0.790252,1.5370693,"A_23_P99442","NM_004119","CGTCTGCGTTTACTCTTGTTTTCAAAGGGACTTTTGTAAAATCAAATCATCCTGTCACAA",NA,0.336,0.623,0.961817,0.5989034,34.62,"KLF4","KLF transcription factor 4","Upregulated"
4330,0.0155,0.00399,-3.096532,-2.557054,-1.1525455,"A_33_P3403831","","TTGCAGAACTGGCCGTGGTTTACATCCAGGAAGGGATTGGTCAGTCACCTGTGCCAGGTC",NA,0.191,0.453,1.3074389,0.5923708,101.6,"MN1","MN1 proto-oncogene, transcriptional regulator","Downregulated"
6281,1.29e-05,5.42e-07,6.205221,6.06432,3.3468714,"linc|TCONS_l2_00003169","","CTCCACTCCCTTAACCTGCTACAGAATTAATAAACTAATCTTGAGCATAGTGGATATATA",NA,0.326,0.582,0.9818984,0.5714129,43.58,"S100A10","S100 calcium binding protein A10","Upregulated"
1942,0.000145,1.2e-05,5.151502,3.028934,1.44713,"A_24_P355967","NM_000621","AGCAGGTGACTTTCCTATGACACTCATCAGGTAAACTGATGCTTTCAGATCCATCGGTTT",NA,0.164,0.398,1.3932511,0.5540866,63.94,"EFNA1","ephrin A1","Upregulated"
8735,3.42e-07,4.56e-09,7.881351,10.762118,1.6702876,"A_23_P250347","NM_001744","AGGTGCAAGCCTTAGAGAAAGTTAAAGGTGCAGATATAAATGCTGAAGAGGCCCCCAAAA",NA,0.582,0.967,0.5509937,0.5329176,40.46,"MYH13","myosin heavy chain 13","Upregulated"
6629,3.94e-08,2.7e-10,8.928655,13.536947,2.9395914,"A_23_P90357","NM_001060","ACCCCCTTTTCTTGCCAAAATATATCTCTGCCTTTGGTTTTATTTTCCTTTGGGTCCAGA",NA,0.247,0.448,1.157481,0.5180273,92.12,"SNRPB2","small nuclear ribonucleoprotein polypeptide B2","Upregulated"
6505,6e-04,7.14e-05,4.542187,1.291316,1.9915661,"A_33_P3306342","NM_001001922","CTTCTTCCCCCAACTCTAAACCCTATTGTTTATGGAGTAAAGACAAAACAGATACGCAAG",NA,0.0898,0.304,1.6965345,0.5156756,164.56,"SLC1A1","solute carrier family 1 member 1","Upregulated"
10282,4.18e-07,6.02e-09,7.780904,10.488681,1.3228488,"A_23_P142631","NM_054033","GGTTGTGCATTTTGTGTGATGCATGTAGTAGCCTTTCCTGATGACAGAACACAGATCTCT",NA,0.185,0.376,1.3253103,0.4985115,49.43,"BET1","Bet1 golgi vesicular membrane trafficking protein","Upregulated"
4622,4.72e-06,1.42e-07,6.66583,7.379815,1.2494219,"A_23_P106617","NM_021197","AAGCAGCTAGGTTGCAAGAACATTCCTCTACTTTCTGCTAAGCCTTGGAAACAGTTGGGA",NA,0.638,1.059,0.4707017,0.4985034,24.49,"MYH4","myosin heavy chain 4","Upregulated"
9094,0.00362,0.000666,-3.759887,-0.861074,-1.4975685,"A_23_P103110","NM_012323","CTCCCTGGGAAAAGTGGCGTATGGCCCTGAGCTGGGCTTTATATTTTATATCTGCAAATA",NA,0.221,0.404,1.2233352,0.4945354,74.9,"UNC119","unc-119 lipid binding chaperone","Downregulated"
7474,2.67e-08,1.58e-10,9.132379,14.059773,3.931552,"A_33_P3226565","","CTCCCTTCTCCAACCTGCAATAAACTATCTACAAAATCATTTCAGATGATTCCTTGGAAA",NA,0.351,0.511,0.9330991,0.4769477,78.7,"WNT5A","Wnt family member 5A","Upregulated"
59084,7.16e-06,2.5e-07,6.470153,6.82264,3.5149638,"A_23_P114314","NM_005193","AGCCAAGGAGAGAAAGATGATCAAAAAGAAAATCTCCCAGTTTGAGAATAGTGGAGGCTC",NA,0.353,0.504,0.929342,0.4688454,139.31,"ENPP5","ectonucleotide pyrophosphatase/phosphodiesterase family member 5","Upregulated"
5174,0.000202,1.82e-05,5.009452,2.621155,1.3794149,"A_23_P34757","NM_018040","CTATTGTAACCCAAAAGACCTACCATCGCATCAGTGAAGTCCGAACACATCTTTGTTTGA",NA,0.258,0.409,1.1317216,0.4629503,40.81,"PDZK1","PDZ domain containing 1","Upregulated"
60437,0.00896,0.00203,3.352645,-1.92067,1.2568177,"linc|TCONS_00026460","","CCAAACATTGTCTCTCATAGGATTCTCATCCATGTATTTGTGCATGAACTTCCCCGCATC",NA,0.234,0.376,1.1896001,0.4475136,80.29,"CDH26","cadherin 26","Upregulated"
5997,0.00828,0.00184,3.388331,-1.830013,1.104419,"A_23_P122216","NM_002317","TACCTGGTTCCTGAATCTGACTATACCAACAATGTTGTGCGCTGTGACATTCGCTACACA",NA,0.313,0.438,1.0092216,0.4423203,51.66,"RGS2","regulator of G protein signaling 2","Upregulated"
8468,1.47e-05,6.43e-07,-6.14661,5.896049,-1.3196534,"A_33_P3338047","NM_001098537","AGCTTTGCAAACACATCGTCTTTGTGCAGCTGCAGGAAGGGGAGCACGTCTTCCAGCCCA",NA,0.687,1.07,0.4033528,0.4314542,11.39,"FKBP6","FKBP prolyl isomerase family member 6 (inactive)","Downregulated"
10044,1.88e-06,4.27e-08,7.084514,8.561609,1.5529756,"tc|THC2748073|linc|TCONS_00029064","","GTCATGTTCTAAGTTGGGAGGAAAATTCACTGGATAGTGGAGGCAGTAGAAAGAAATAAA",NA,0.253,0.37,1.1423016,0.4227927,55.39,"SH2D3C","SH2 domain containing 3C","Upregulated"
23366,3.24e-05,1.79e-06,5.797023,4.889686,1.4866034,"A_23_P117662","NM_002112","CCGAGGGTAGACAGGCAGCTTCTGTGGTTCAGCTTGTGACATGATATATAACACAGAAAT",NA,0.437,0.52,0.7775045,0.4043358,81.89,"MATCAP2","microtubule associated tyrosine carboxypeptidase 2","Upregulated"
240,0.00413,0.000782,-3.702143,-1.014422,-1.4700537,"A_23_P103110","NM_012323","CTCCCTGGGAAAAGTGGCGTATGGCCCTGAGCTGGGCTTTATATTTTATATCTGCAAATA",NA,0.389,0.456,0.8613631,0.3926924,51.71,"ALOX5","arachidonate 5-lipoxygenase","Downregulated"
23731,0.000376,3.97e-05,4.743252,1.860885,1.2810899,"A_23_P250358","NM_017912","CCTTACACCTAAATAATACAAGAGATTAATGAATAGTGGTTAGAAGTAGTTGAGGGAGAG",0.99989,0.254,0.338,1.1397939,0.384935,635.8,"TMEM245","transmembrane protein 245","Upregulated"
4580,4.51e-05,2.72e-06,5.655781,4.482287,1.4641264,"A_33_P3252146","NM_001105574","CACCCCGTCTACTACTCGCACCCGGTGGTCTCTTCCGTGCCGCTGCTACGGCCGGTCTGA",NA,0.357,0.404,0.9217242,0.3727697,42.12,"MTX1","metaxin 1","Upregulated"
9709,1.58e-05,7.1e-07,6.112699,5.798617,1.5624512,"A_23_P87072","NM_052959","GCAAGAAAGCTTGTGGAAAGTCTCTCTCCTTCCTCATAAGACATGCACACTAATACACAT",NA,0.209,0.294,1.2551353,0.3688377,175.92,"HERPUD1","homocysteine inducible ER protein with ubiquitin like domain 1","Upregulated"
56832,0.0435,0.0146,-2.578171,-3.755339,-1.1435959,"A_33_P3396776","NM_001024607","GTCCACAAGAAACCAATCAGTTATGCAAAATCTTTTCCAAAGGAAATGGGAAATTAAGGA",NA,0.597,0.68,0.5293353,0.3600634,17.01,"IFNK","interferon kappa","Downregulated"
10217,3.09e-07,4.02e-09,7.927396,10.887054,1.2346608,"A_33_P3330413","","ATTTACTTCCCCCATCCTGGTTTAAGTATAAAGCACTGTGAATGAAGGTAGTTGTCCGGT",NA,0.225,0.294,1.2122473,0.3559184,192.74,"CTDSPL","CTD small phosphatase like","Upregulated"
4629,8.12e-05,5.8e-06,-5.398336,3.73966,-1.2293263,"A_23_P110052","NM_023067","GCCCGAAAACCATAGACCTGGTTGTACTGTAGCTTGTTGTTTGGGGGACCAAATTTTCTA",NA,0.477,0.498,0.7113638,0.353948,159.21,"MYH11","myosin heavy chain 11","Downregulated"
4259,8.79e-06,3.29e-07,-6.375975,6.553544,-1.3706854,"A_33_P3337719","NR_004846","ATCTTAAAATAAAATAGGCCGGCCGAGGGTGCTCATGCCTGTAATCACAGCATTTTGGAG",NA,0.37,0.391,0.8971528,0.3510949,147.2,"MGST3","microsomal glutathione S-transferase 3","Downregulated"
7562,2.1e-08,1.14e-10,9.259628,14.383446,1.5198602,"A_33_P3273534","NM_002281","TTCCTGCCTCTCCCCTTCCTCCTCTGCTCTTGATCTGTGTTTCAATAAATTAATGTAGCC",0.99989,0.354,0.377,0.9259896,0.3493803,385.7,"ZNF708","zinc finger protein 708","Upregulated"
9127,6.49e-06,2.2e-07,-6.514624,6.949503,-1.4786075,"A_24_P192914","NM_153206","CTCCTGTGGGCAGGGTTCTTAGTGGATGAGTTACTGGGAAGAATCAGAGATAAAAACCAA",NA,0.405,0.413,0.832787,0.3435563,47.05,"P2RX6","purinergic receptor P2X 6","Downregulated"
60493,0.0155,0.00401,-3.094458,-2.562099,-1.1483164,"linc|TCONS_00011691","","TAAAAAGGCATGGTCCAGGGCATGTCAGGACAAGGAAGAGCGAGACTAACCATACAAAAT",NA,0.388,0.397,0.8636599,0.3425554,70.6,"FASTKD5","FAST kinase domains 5","Downregulated"
54148,5.87e-09,1.95e-11,9.953128,16.108,1.2912504,"A_33_P3244753","NM_001939","GTGGTGCTTTCCCCCTTTCCCTTGAATTCTGCTTTGAAAAGAATAAATTTGTACTTGTTT",NA,0.381,0.388,0.8766097,0.340316,111.35,"MRPL39","mitochondrial ribosomal protein L39","Upregulated"
113,0.00343,0.000624,3.783311,-0.798604,1.3206072,"linc|TCONS_00014261|linc|TCONS_00013713","","TTTCCCCTTATTTTCTCAGCAGGACAAGTGATTTCATTCCTGAAGCAGGAAAAGAATGTT",NA,0.533,0.536,0.6235009,0.3341181,88.12,"ADCY7","adenylate cyclase 7","Upregulated"
8480,6.21e-05,4.08e-06,-5.517979,4.084718,-1.3313598,"A_23_P119102","NM_003370","GGAGGGAATTTCACATTCCCTTGTTCTAGATTCACTTTAACGCTTAATGCCTTCAAAGTT",NA,0.373,0.373,0.8901351,0.3322569,62.08,"RAE1","ribonucleic acid export 1","Downregulated"
5911,1.72e-07,1.84e-09,8.212883,11.655832,3.1932162,"A_23_P128808","NM_013345","CCTCCCCTTGAGAGTCATCAGAAAAATACATTAGGAAAATGTGTTTAGAAATAAAAGCAC",0.99989,0.437,0.412,0.7765597,0.3200071,652.94,"RAP2A","RAP2A, member of RAS oncogene family","Upregulated"
8703,5.84e-06,1.91e-07,6.563688,7.089315,1.1063148,"A_23_P121825","NM_024941","CATGTGTTACTGTTACAAAACTTTCTCTCTCCATGTAATCACACTTAGTTATGAGCAAAG",NA,0.403,0.377,0.8360697,0.3150793,61.91,"B4GALT3","beta-1,4-galactosyltransferase 3","Upregulated"
8473,5.07e-06,1.57e-07,6.632059,7.283852,1.7054269,"A_21_P0013865","XR_132685","GCATTTGCACACTTCCCAACGCAGTTCAAAGCAATTTGAAATAAAGTCGTTCTCATATTC",0.99989,0.445,0.404,0.7640822,0.3086164,1350.82,"OGT","O-linked N-acetylglucosamine (GlcNAc) transferase","Upregulated"
318,0.0102,0.00239,3.291362,-2.075266,1.1191035,"A_33_P3704738","NR_026803","AGAAACTCAGAGACTGTCCCGGAGAAGACATGGAAACAGCTCAGACGCTGTCTGCAAGAA",NA,0.461,0.417,0.7367274,0.3071042,39.02,"NUDT2","nudix hydrolase 2","Upregulated"
51,0.00204,0.000329,4.011065,-0.183874,1.1394156,"A_21_P0013733","NM_174937","TTGCTGCTAGCCAAAGAACAATTCAAGAAACTTCTAGATGAATCGAAAGTGTCTCCCAGG",0.99989,0.269,0.275,1.1060883,0.3045976,388.25,"ACOX1","acyl-CoA oxidase 1","Upregulated"
3645,0.00179,0.000278,4.070072,-0.022615,1.3566018,"A_21_P0001147","BF791287","TTCCAGAGGTATTCCTGCAAGGAACAGTCAAGCAGCATCAAACCTTCAGACCTTCTGAAA",NA,0.775,1.063,0.28526,0.3031379,23.9,"INSRR","insulin receptor related receptor","Upregulated"
1316,2.47e-05,1.27e-06,5.914749,5.228999,1.3599165,"A_33_P3267150","","TGAAGAGTGTTCATTGAGCCAGCATAACTCCAGATTCTCTCCTCTCTCAGACTCACCTTT",NA,0.273,0.274,1.0970223,0.3002511,203.37,"KLF6","KLF transcription factor 6","Upregulated"
7567,0.000177,1.54e-05,-5.066348,2.784345,-1.6713169,"ens|ENST00000414404|tc|THC2651859|tc|THC2671238","","CCAGAAGAAGAAGATGAGCTTCAGTTATTCTAGCACAACTGCTGTGATATTTGTAAATAT",NA,0.602,0.573,0.5215131,0.2988773,33.08,"ZNF19","zinc finger protein 19","Downregulated"
2086,0.000383,4.06e-05,4.736195,1.840815,1.3278971,"A_23_P31064","NM_015529","TGTAAGTTCTGAATGGTTCCTTGCTGACTTTGGGTGACACATGTACCACATACTGGCTCA",NA,0.375,0.325,0.8878316,0.2889417,131.4,"ERV3-1","endogenous retrovirus group 3 member 1, envelope","Upregulated"
6006,0.000281,2.77e-05,4.866485,2.212096,1.2562298,"A_21_P0001689","NR_027310","TAGTCCTCTCCATCTGCCCGTAGCTTGCCAGGAAACTTTCTATAATAATACCAATACAAC",NA,0.413,0.353,0.8180392,0.2885556,75.77,"RHCE","Rh blood group CcEe antigens","Upregulated"
55181,3.66e-09,9.91e-12,-10.225834,16.767809,-3.1580226,"A_23_P372834","NM_198098","CCTCTGCATATATGTCTCTTTGGAGTTGGAATTTCATTATATGTTAAGAAAATAAAGGAA",NA,0.481,0.402,0.7046097,0.2830325,48.27,"SMG8","SMG8 nonsense mediated mRNA decay factor","Downregulated"
8707,0.000204,1.85e-05,5.004633,2.607343,1.6799977,"A_33_P3261818","NM_005917","GATGTTACTAAATGCTTCAAAGCTGAAGAATCTAAATGTCGTCTTTGACTCAAGTACCAA",NA,0.543,0.444,0.607921,0.2700772,189.96,"B3GALT2","beta-1,3-galactosyltransferase 2","Upregulated"
23412,5.39e-08,4.07e-10,-8.773685,13.135459,-1.2112154,"A_24_P303524","NM_182924","CCTACAAGGGGCATGTGGACAGCAGGGACCTGCGCTACCGTCTGTGGTCTCAATAAAGAA",NA,0.563,0.463,0.5788838,0.2679883,45.59,"COMMD3","COMM domain containing 3","Downregulated"
9786,0.017,0.00448,3.052319,-2.664207,1.3976113,"A_23_P161368","NM_000770","AAACTTGGTTGGCACTGTAGCTGATCTATTTGTTGCTGGAACAGAGACAACAAGCACCAC",0.99989,0.398,0.308,0.8455483,0.260394,327.1,"KIAA0586","KIAA0586","Upregulated"
2875,0.00899,0.00204,3.351214,-1.924296,1.14382,"A_33_P3413726","","TCCACTGTGGCTTCTTCTAATGGGACCAAGACGGTTGTGCTAAGTATCAGTAAATACTGA",NA,0.587,0.479,0.5427859,0.2597314,28.86,"GPT","glutamic--pyruvic transaminase","Upregulated"
28231,0.00164,0.000249,-4.109319,0.085058,-1.1992836,"A_33_P3225625","NM_001003799","CTGGACAAAGAACACAGATGTATCGTCAGACATGAGAATAATAAAAACGGAGTTGATCAA",NA,0.581,0.456,0.5524727,0.2518313,174.52,"SLCO4A1","solute carrier organic anion transporter family member 4A1","Downregulated"
6477,0.00172,0.000264,4.08858,0.028121,1.181537,"A_23_P103070","NM_003405","AGCTGATAGTGTTTCGTTAAGCAGTACATCTTGTGCATGCAAAAATGAATTCACCCCTCC",NA,0.339,0.261,0.9559743,0.2499144,179.05,"SIAH1","siah E3 ubiquitin protein ligase 1","Upregulated"
5582,8.2e-05,5.87e-06,-5.394326,3.7281,-1.1436651,"A_33_P3370890","NM_001033564","CAAACTGATTTCAAGTAACTTGAGTGCATCCAAGGGGAGAAAACCCATCAAAATAAAAAT",NA,0.614,0.472,0.5047899,0.2380839,156.12,"PRKCG","protein kinase C gamma","Downregulated"
57048,0.00408,0.00077,-3.707663,-0.999805,-1.4463949,"linc|TCONS_00020935","","CAGTTCACCACCGAGAAAGGTGTTGACTTCATATTTTATGTATCTAATCTCAGAGAATTT",NA,0.695,0.596,0.3925062,0.2340855,13.12,"PLSCR3","phospholipid scramblase 3","Downregulated"
54715,0.000337,3.47e-05,4.789944,1.993788,1.6608349,"A_21_P0014547","XR_110272","CCACCCCATACCCTTGGAAAAAATACACTAAAATATCTTCATCTGATTTGACCTCTAATA",0.99989,0.628,0.482,0.485206,0.2337394,569.62,"RBFOX1","RNA binding fox-1 homolog 1","Upregulated"
10390,2.41e-07,2.85e-09,8.051431,11.222314,1.6822181,"A_24_P16326","NM_002942","GCCCATTTTCTACTGACAGTAACACCAGTGCAGCCCTGAGTCAAAGTCAGAGGCCTCGGC",NA,0.519,0.359,0.6453138,0.2314287,107.58,"CEPT1","choline/ethanolamine phosphotransferase 1","Upregulated"
9,0.000218,2.01e-05,-4.975766,2.524637,-1.1271371,"A_21_P0000509","NR_024244","AGGGGAGGGTTCGAGGGTACGAGTTCGAGGCCAACCGGGTCCACATTGGTTGAGAAAAAA",NA,0.796,0.858,0.2581854,0.2214478,14.48,"NAT1","N-acetyltransferase 1","Downregulated"
6023,0.00129,0.000186,4.211677,0.367339,1.1022752,"A_23_P40956","NM_016362","ACAAGCCTTACTCACCTCTCTCTAAGTTTAGAAGCGCTCATCTGGCTTTTCGCTTGCTTC",0.99989,0.595,0.412,0.5313009,0.2191427,1593.12,"RMRP","RNA component of mitochondrial RNA processing endoribonuclease","Upregulated"
311,3.2e-05,1.77e-06,5.802264,4.904798,1.8135278,"A_24_P98006","NM_001040179","CTATAAAAAATGTCAGTTTTATATGGTCCAATACTAATACCCTCAACAACTAAGCCCCAC",0.99989,0.411,0.261,0.8228364,0.2149096,452.6,"ANXA11","annexin A11","Upregulated"
5314,9.87e-06,3.83e-07,-6.324091,6.405064,-1.7258069,"A_23_P159775","NM_004961","GGTGGATAGGGTGGGGTCTCCATCTACTTTTTGTCACCATCATCTGAAATGGGGAAATAT",NA,0.865,1.252,0.1706172,0.2136592,111.81,"PKHD1","PKHD1 ciliary IPT domain containing fibrocystin/polyductin","Downregulated"
26301,0.000265,2.56e-05,4.893942,2.290533,1.8246415,"A_21_P0014941","XR_133440","TTCATTACTGAGAAATAAATTCAAAGAGCTAACATGGCACCATCTTGGAAGCCAAAAGCT",NA,0.703,0.559,0.381867,0.2134128,20.62,"GBGT1","globoside alpha-1,3-N-acetylgalactosaminyltransferase 1 (FORS blood group)","Upregulated"
2660,0.000161,1.37e-05,5.107206,2.901651,1.9201855,"linc|TCONS_00014735","","TTGCTGCCTGCATGTGGATTCATTTTAGCAGTTTATCAATTTGGACAGGGAATTTTGAAT",NA,0.75,0.668,0.3190402,0.2130959,15.83,"MSTN","myostatin","Upregulated"
435,0.00465,0.000907,3.648713,-1.155466,1.18681,"A_23_P108492","NM_138395","CAGGAAAGTTATACTTGTATTTTCTTAAGTGTGGAATCAAATGAGCACATAAGCTGTGTC",NA,0.616,0.416,0.5014959,0.2084194,43.38,"ASL","argininosuccinate lyase","Upregulated"
25970,3.62e-05,2.06e-06,-5.749604,4.752938,-1.6726419,"A_33_P3242373","NM_005935","GAAGCACAGCTCTGAGAAGAGGAGCTCAGACAGCTCAAGCAAGTTGGCCAAAAAGAGAAA",NA,0.526,0.324,0.6341683,0.2051963,136.66,"SH2B1","SH2B adaptor protein 1","Downregulated"
10040,4.93e-05,3.03e-06,5.618972,4.376088,2.7241623,"A_21_P0009481","NM_004163","CAAATAGGGCTTCTGTGTCCATAGCCTTGTAAGAGATACTGATTGTATCTGAAATTATTT",NA,0.55,0.34,0.5970862,0.202874,91.24,"TOM1L1","target of myb1 like 1 membrane trafficking protein","Upregulated"
6676,6.34e-06,2.14e-07,6.524721,6.97829,1.1516198,"A_33_P3323722","NM_005737","CATCATCCTTCTCTTTTGTTTCCATAGCCTTTTATAATGCATATATGATGCTGTGAACAG",NA,0.79,0.762,0.2661592,0.2028433,13.64,"SPAG4","sperm associated antigen 4","Upregulated"
27077,1.6e-07,1.68e-09,8.244981,11.741626,3.0287712,"A_33_P3236558","NM_019118","TGATGCCCTTTCTCCTCAACCAGTGTGGATCCCTTCTCTATTACCTCACCTTGGCATCGA",NA,0.368,0.225,0.8999736,0.202677,173.11,"B9D1","B9 domain containing 1","Upregulated"
4773,0.000521,6.02e-05,4.601142,1.457822,1.1895785,"A_23_P363831","NM_033406","CCCAGGTCGGGTATATGAATACACAAGCTGTACCACATTCTCTACAACATCAGGATACAT",NA,0.598,0.381,0.5278583,0.2013082,85.13,"NFATC2","nuclear factor of activated T cells 2","Upregulated"
54952,0.000661,8.08e-05,4.499853,1.172035,1.3671641,"A_23_P109171","NM_001195","GTTCCTGTTTGGATTAGACCATAGTTGACCCATCTGGCATTGCCAACGAAGCCTTCATTA",NA,0.522,0.314,0.6399433,0.2006314,83.53,"TRNAU1AP","tRNA selenocysteine 1 associated protein 1","Upregulated"
7179,3.36e-06,9.13e-08,6.819343,7.814887,1.2455748,"A_24_P135628","XM_003403544","CCCCTCGTGACCAGCAAACTCCTAAAAGCCGCCCTTGCCCCAGAGCCCCTGTAGCCTCCA",NA,0.869,1.208,0.1644869,0.1986197,15.19,"TPTE","transmembrane phosphatase with tensin homology","Upregulated"
3760,7.8e-05,5.5e-06,-5.415974,3.790515,-1.2641914,"A_23_P118615","NM_007168","TGATGGTTTATAAGTTGCCAGTGGAAGATGTGCAACCTTTAGCCCAAGCTTTCTTCAAAT",NA,0.719,0.54,0.3598759,0.1943174,198.99,"KCNJ3","potassium inwardly rectifying channel subfamily J member 3","Downregulated"
51182,0.000324,3.29e-05,-4.808012,2.045272,-3.0513652,"A_23_P436284","NM_178859","AGAAAAGCCAAACTTGGCCCAGGTGGAACTTGAGTTAAAAGAGAGAGATGTGCTGTCAGT",NA,0.556,0.325,0.5881442,0.1909828,133.64,"HSPA14","heat shock protein family A (Hsp70) member 14","Downregulated"
6865,0.00139,0.000203,-4.179522,0.278443,-2.0590107,"A_21_P0000379","NR_003056","GGCACCACTCAGTATCACCCTGGTGACAAAATCAAGTGCACAGGGGCCATCTGACTCACA",NA,0.812,0.794,0.2372387,0.1883143,23.68,"TACR2","tachykinin receptor 2","Downregulated"
5076,8.16e-06,2.99e-07,-6.4092,6.648543,-2.0113189,"A_23_P10121","NM_003012","AGAGAGGAGGTTTGCCTGTGATTTCCTAATTATCGCTAGGGCCAAGGTGGGATTTGTAAA",NA,0.92,1.816,0.1008517,0.1831654,18.69,"PAX2","paired box 2","Downregulated"
54955,0.0107,0.00252,-3.271305,-2.125557,-1.1425722,"A_33_P3348747","NM_001944","GAAATGGGAATTTTGCTGCATTGTTAAACTGTAGTGGAAACCATGCTATAGTAATAAAGG",NA,0.724,0.513,0.3526124,0.1809175,46.45,"C1orf109","chromosome 1 open reading frame 109","Downregulated"
1612,4.19e-06,1.21e-07,6.722128,7.53959,1.2172794,"A_21_P0000061","NM_001166241","TTTTCCCCTCCTGCTGCCATACTCACCCTGGGAGAGGCTGAAGATGACGGAGGCATTGAA",0.99989,0.621,0.361,0.4951105,0.1787967,483.07,"DAPK1","death associated protein kinase 1","Upregulated"
51021,0.0132,0.00327,-3.173089,-2.369565,-1.1550666,"A_33_P3251761","AK129594","ATTTCCCCAATAGTCAGACCAGACCAAAGAGGCAAACTCTAGTGTCTTTGGGAACTGACT",NA,0.637,0.372,0.4718859,0.1753522,127.32,"MRPS16","mitochondrial ribosomal protein S16","Downregulated"
1291,2.56e-07,3.12e-09,8.019116,11.135151,1.4363528,"A_23_P94030","NM_002291","AGACTGGAAGGAGAAGTCCGTTCACTCCTAAAGGATATAAGCCAGAAAGTTGCTGTGTAT",NA,0.562,0.296,0.5796466,0.1716258,191.49,"COL6A1","collagen type VI alpha 1 chain","Upregulated"
8242,0.00391,0.000732,-3.726137,-0.950817,-1.4806177,"A_23_P103110","NM_012323","CTCCCTGGGAAAAGTGGCGTATGGCCCTGAGCTGGGCTTTATATTTTATATCTGCAAATA",0.99989,0.466,0.235,0.7289538,0.1712892,394.31,"KDM5C","lysine demethylase 5C","Downregulated"
3172,3.87e-06,1.09e-07,-6.756507,7.637034,-1.2512917,"tc|THC2597193","","TAATAAATTTTTATACCTCCCACCACCCCCAGAAAAAATTAGCTGGGCGTGGTGGCGAAC",NA,0.843,0.863,0.1978141,0.1707444,35.25,"HNF4A","hepatocyte nuclear factor 4 alpha","Downregulated"
23230,1.33e-05,5.68e-07,6.189417,6.018964,1.3077973,"A_23_P74344","NM_053053","TTTCTGCCTTTCTCCTAAAGAATGTGTTCTTGCATTTTGGTTGAAATAACCTACACAGTG",0.99989,0.669,0.397,0.4278302,0.1698848,1084.51,"VPS13A","vacuolar protein sorting 13 homolog A","Upregulated"
5820,0.0101,0.00236,3.296544,-2.062247,1.1433076,"A_33_P3271087","NM_005553","TAGCTCCTGAAGATCTGTGCTTTCCAACAAGTGACTACCCTTGAAGCACATCCCCTTCTG",NA,0.806,0.69,0.2461735,0.1697541,26.8,"PVT1","Pvt1 oncogene","Upregulated"
2273,4.09e-07,5.83e-09,7.792679,10.520798,2.8593091,"A_23_P209652","NM_017759","GTCTCCCTACAGTGACCATATCACCTCTCCCCACACAACATCGTACTCTGGTGATAATAT",0.99989,0.649,0.371,0.4557232,0.1692368,444.81,"FHL1","four and a half LIM domains 1","Upregulated"
5339,4.09e-07,5.83e-09,7.792333,10.519855,1.4644083,"A_23_P120557","NM_017714","TTGCTTCTCCGTGGATGAAATAGAAACTCCTCATTGTGTGACCAGGAATGGTTAAATCAT",0.99989,0.495,0.247,0.682757,0.1683621,1931.43,"PLEC","plectin","Upregulated"
51118,0.00278,0.000482,-3.87541,-0.551573,-1.1996324,"A_33_P3394584","NR_024389","TCTCATTTGGGACCTCATCTTTAATCTCAGCAACTCAGGGATCAAAGAGAAAAGGCCGAG",NA,0.667,0.385,0.4300467,0.1653998,78.86,"UTP11","UTP11 small subunit processome component","Downregulated"
8030,8.61e-05,6.25e-06,5.372755,3.665917,1.7880072,"A_33_P3407324","NM_016315","AAATGGGACTAACTCTTGAAGGCACAGTATTTTGTCTCGACCCGTTAGACAGTAGGTGCT",0.99989,0.65,0.353,0.4532453,0.1600787,482.75,"CCDC6","coiled-coil domain containing 6","Upregulated"
55871,0.000282,2.77e-05,-4.86613,2.211083,-1.5142038,"ens|ENST00000507681|tc|THC2667709|tc|THC2746841|linc|TCONS_00009563","","GACTCAGAGAAGAGACTGAGGGAGATGGGATGTGCCAGGGTTTCCTGCTAGGAGCCTCAT",NA,0.63,0.328,0.4814666,0.1580981,71.9,"ZNG1A","Zn regulated GTPase metalloprotein activator 1A","Downregulated"
10320,0.00324,0.000583,-3.807891,-0.732893,-1.2946589,"A_21_P0000007","NM_001145641","GGGAAAGGAAAGACCTGTGATGATTCAATAAATTTTTACATAGCACCCATCCCCAAAAAA",NA,0.778,0.56,0.2818336,0.1577454,78.3,"IKZF1","IKAROS family zinc finger 1","Downregulated"
57178,0.0317,0.00981,-2.742297,-3.390405,-1.1783574,"tc|THC2577317|linc|TCONS_l2_00019758|linc|TCONS_l2_00019759","","AGCAACCCATGGCAAAACTAGTTATTTTCTTAAAACAGTAGGAAGAAGAAAAGCTTTTTG",0.99989,0.507,0.23,0.6636231,0.1526526,516.33,"ZMIZ1","zinc finger MIZ-type containing 1","Downregulated"
55239,3.5e-05,1.97e-06,5.764461,4.795785,1.1557351,"A_32_P448360","NM_178542","TTGCCTTTCCACCCCTCTCAGCTTGAGGTCCTACCTGGTGTCCTCCATGAGAATCATACA",NA,0.624,0.311,0.490206,0.1524164,199.34,"OGFOD1","2-oxoglutarate and iron dependent oxygenase domain containing 1","Upregulated"
6672,4.69e-06,1.41e-07,6.669384,7.389909,1.8188352,"A_23_P109322","NM_006198","CCCTCCTAGTCCACCTGAAAACACCAAATTCAACCATCATCTGTCAAGAAATTAAAAGAA",NA,0.683,0.373,0.4080753,0.1524041,183.45,"SP100","SP100 nuclear antigen","Upregulated"
55825,0.0125,0.00306,-3.198124,-2.307732,-1.2703987,"A_21_P0002844","DB046247","CATGAGTCTTTGTTATTCCAGCTGGCATGATGTTTGATACATACCACTTCCTACTGATCT",NA,0.708,0.396,0.3745769,0.1482324,63.71,"PECR","peroxisomal trans-2-enoyl-CoA reductase","Downregulated"
10712,0.00155,0.000233,-4.132046,0.147556,-1.1009886,"A_21_P0005885","AK054964","GAACGGGGCATTCAGATATAAGTAAGTTTATTTTGGAGAAATTTCTATGTCAGCTGAGAT",NA,0.741,0.448,0.3302046,0.1478743,79.59,"ENTREP3","endosomal transmembrane epsin interactor 3","Downregulated"
6103,3.27e-05,1.82e-06,-5.792825,4.877582,-1.810411,"A_23_P318860","NM_005161","CCAACATGGGCAAGGGTGGAGAACAGATGCACGAGAAATCCATCCCCTACAGCCAGGAGA",NA,0.71,0.398,0.3713336,0.14762,186.12,"RPGR","retinitis pigmentosa GTPase regulator","Downregulated"
1727,3.19e-05,1.76e-06,5.803456,4.908236,2.0532224,"A_24_P140057","NM_020868","TGGTGACTAAAGTCAGAATATCTTCTCACTTCACTTAAGGGATCTTCCAGAAGATATCTA",0.99989,0.486,0.207,0.6971748,0.1440735,294.75,"CYB5R3","cytochrome b5 reductase 3","Upregulated"
22898,0.00035,3.64e-05,4.773654,1.947395,1.3527413,"ens|ENST00000541798|tc|THC2786155|linc|TCONS_00020592","","TGTTACAGGAAAACCAGAAAACCCGAAAACCCAGAAGAAAATGAAAATCATTCACATTCC",0.99989,0.594,0.268,0.5335687,0.1429634,443.23,"DENND3","DENN domain containing 3","Upregulated"
432,3.07e-08,1.93e-10,9.056137,13.864774,3.5303435,"A_33_P3225327","NM_024524","TTCAGTGGCATCTCCCTTTACCTCTAAGACTCCTAGTATTTCCTGTGTGCCAAACCTTAT",NA,0.868,0.844,0.1662362,0.1402206,13.39,"ASGR1","asialoglycoprotein receptor 1","Upregulated"
4733,0.00478,0.000938,3.636326,-1.188043,1.6676701,"linc|TCONS_00029309","","TGTAGAGGACTGCAACTGGCGTCTCCATCTACTGGTACCGAGGCGAGGAGGAAAAAGCAG",NA,0.713,0.378,0.3678804,0.1389343,108.97,"DRG1","developmentally regulated GTP binding protein 1","Upregulated"
11180,0.000321,3.25e-05,4.811859,2.056237,1.3341251,"A_23_P107587","NM_000271","ATTTCTCCCTGTCTTACTCAGTTACATAGGGCCATCAGTAAATAAAGCCAAAAGTTGTGC",NA,0.679,0.329,0.4140396,0.1361254,210.29,"WDR6","WD repeat domain 6","Upregulated"
8321,4.41e-06,1.29e-07,6.698463,7.472457,3.1280405,"ens|ENST00000413304","","CCCCACATCTCTCCATCTGAAACTTCATTCTTCCATTAAAACAGAATTGTGCTTTGTGAT",NA,0.775,0.463,0.2856655,0.1322607,55.21,"FZD1","frizzled class receptor 1","Upregulated"
2215,2.05e-05,9.99e-07,5.99632,5.463892,1.1700958,"A_23_P106505","NM_014793","CCTTGTGATTTGAGATGGTACCTTAGAAAAAGTTACACGCAGTTCCGTGGTTGAATATAT",NA,0.844,0.661,0.1966161,0.1299473,25.94,"FCGR3B","Fc gamma receptor IIIb","Upregulated"
7341,0.00318,0.000568,3.816779,-0.709091,1.3007228,"A_23_P216915","NM_004959","GCAAGGTTGTAGTCAAGAGGTTTTTCTCCCCGCTTTTTGTTTTTAAGCTTCTAGACACTC",NA,0.799,0.493,0.2546698,0.1254889,145.96,"SUMO1","small ubiquitin like modifier 1","Upregulated"
6645,0.000635,7.69e-05,4.516762,1.21965,1.5641453,"A_23_P101950","NM_005917","TTAAAGATTACGTGCTTCTTGGTACAGGTTTGTGAATGACAGTTTATCGTCATGCTGTTA",0.99989,0.699,0.321,0.3865899,0.1241523,246.12,"SNTB2","syntrophin beta 2","Upregulated"
598,0.00102,0.000138,-4.314802,0.653726,-2.2240073,"A_23_P25698","NM_003049","AAACTAGAGAGAGCAGCAAAAACACCAGTCTTGCCTGAGTCTTTCTCCAGCATTTCCAGT",NA,0.738,0.37,0.3343928,0.1235746,202.82,"BCL2L1","BCL2 like 1","Downregulated"
9559,9.38e-05,6.95e-06,-5.336663,3.561898,-2.9580521,"A_19_P00800206","NR_036586","ATTACTTCAGAGAGAGAGAGAGAGAGTATTGAAAGGGTTTCTGTGAATACCTCCACAACT",NA,0.731,0.341,0.3444457,0.1175638,175.7,"VPS26A","VPS26 retromer complex component A","Downregulated"
331,0.00267,0.00046,-3.891853,-0.50724,-1.9005421,"A_33_P3330911","NM_003657","AAATGATTTGGGAAAACAATTGCTTTTGAGGCTCAGTGACAACGGCAAAGATTACAACTT",0.99989,0.744,0.335,0.3270944,0.1095921,385.46,"XIAP","X-linked inhibitor of apoptosis","Downregulated"
5706,0.000839,0.000108,-4.398214,0.886699,-1.1379087,"A_23_P329573","NM_000211","GCCAATTTATTTACATTTAAACTTGTCAGGGTATAAAATGACATCCCATTAATTATATTG",0.99989,0.79,0.405,0.2667242,0.1081013,238.21,"PSMC6","proteasome 26S subunit, ATPase 6","Downregulated"
57510,0.00124,0.000176,-4.230413,0.419229,-1.1764681,"ens|ENST00000378225|tc|THC2692512","","GTTAGGTAATTATGGCCATCACAACTTTTACAATTCACCAGTTTGTATGGTAAGTATACC",NA,0.638,0.228,0.4711901,0.1074088,186.42,"XPO5","exportin 5","Downregulated"
8813,0.000542,6.32e-05,4.584448,1.410628,1.4215092,"A_24_P3249","NM_000965","GGACTATTGACAGGACTATTGTACAGTATGACAAGATAAGGCTGAAGATATTCTACTTTA",NA,0.817,0.443,0.231035,0.1022485,51.16,"DPM1","dolichyl-phosphate mannosyltransferase subunit 1, catalytic","Upregulated"
4062,2.02e-07,2.27e-09,-8.134948,11.446977,-1.434785,"A_23_P304511","NM_032347","ATGGGACCACGCATAAATGGAGAACGAGTAAATTTTGCTAAGTCCAAGGACATTGGAGAG",NA,0.831,0.467,0.2135157,0.0996096,75.01,"LY6H","lymphocyte antigen 6 family member H","Downregulated"
51463,0.00338,0.000613,-3.789826,-0.781204,-1.1568243,"ens|ENST00000425050|tc|THC2671582|linc|TCONS_00018040","","TCTGGGTGAGACAAACCAATGATGACTGAAAATCACAATAAAATTGTAATACTCGAGATC",NA,0.763,0.302,0.3010748,0.090818,88.74,"GPR89B","G protein-coupled receptor 89B","Downregulated"
275,2.63e-05,1.38e-06,5.886819,5.148526,1.4324124,"A_24_P817863","NM_032504","AAAGGATACTTTAATAGAACACAGTCTCCAGAATTCGCTGCTATCACACCAAGTCATGCT",NA,0.865,0.518,0.1702892,0.0882493,44.02,"AMT","aminomethyltransferase","Upregulated"
2618,1.17e-07,1.08e-09,8.407311,12.173483,1.3793804,"linc|TCONS_00001675","","TAGGGGTGTGTGTGTTTTGAGAGAAAGAAATAGAAAAGGGCCAATGTATTTGCTATTAAA",NA,0.74,0.256,0.3324732,0.0852556,130.41,"GART","phosphoribosylglycinamide formyltransferase, phosphoribosylglycinamide synthetase, phosphoribosylaminoimidazole synthetase","Upregulated"
3000,4.8e-05,2.93e-06,-5.629563,4.406646,-3.3077266,"A_23_P119448","NM_014931","AGAGAGAATGGAGAGAGAGAAACATATATTATATATTATATAGAGAGAGGGAGGAGAGCG",NA,0.915,0.782,0.1067449,0.0834795,33.77,"GUCY2D","guanylate cyclase 2D, retinal","Downregulated"
10738,0.000846,0.00011,4.394586,0.876543,1.4718011,"A_24_P342829","NM_152527","GAACTTTTTATCCAATGACTCAACTCTAATTACATCTAAGTTAGACTTGCTCACGTTCAG",NA,0.924,0.831,0.0950179,0.0789435,9.56,"RFPL3","ret finger protein like 3","Upregulated"
56911,6.48e-05,4.3e-06,-5.500142,4.033261,-1.1622882,"A_32_P101860","","GCTGCTGTGTATAGACTGCCAAATGTGAAGTATTTATATTGTATTCAATAAACTATACTT",NA,0.929,0.839,0.08879,0.0745384,26.1,"MAP3K7CL","MAP3K7 C-terminal like","Downregulated"
6650,0.00831,0.00185,3.386703,-1.834159,1.4835436,"A_21_P0006263","BM997047","CCACTCCACTTGTCCTGTTCATGCAGTGCCATTTTAATCCTCTCCAAAAATGTTTCTGTT",NA,0.877,0.442,0.1543491,0.068286,85.73,"CAPN15","calpain 15","Upregulated"
57000,3.29e-08,2.13e-10,-9.019128,13.769831,-1.2504162,"A_24_P102315","NM_001029864","TCCATGCCTGTTGCCTCAGAGAGGGCCGACGGCTTTTAAAATGCTGTTGCCATAGCAACA",NA,0.859,0.373,0.1774714,0.0661453,91.43,"GSN-AS1","GSN antisense RNA 1","Downregulated"
26509,0.00159,0.00024,4.121394,0.11825,1.6215189,"A_23_P59261","NM_006670","CAGTGAAGGGGATTTGCTTCCTTGTTATGTAAAGTTTCTCGGTGTGTTCTGTTAATGTAA",0.99989,0.882,0.413,0.1487433,0.0614094,218.89,"MYOF","myoferlin","Upregulated"
4568,0.000276,2.7e-05,4.875808,2.238722,1.1168704,"linc|TCONS_l2_00010039","","GACAAGCCTGCACTTCTTAAATTGCTCCTCTCTTCCTTTCTCTCCTCATGTATTGAGTTT",0.99989,0.904,0.506,0.1209125,0.061138,477.9,"TRNL2","tRNA-Leu","Upregulated"
10367,0.000323,3.29e-05,4.808351,2.046239,2.0255468,"A_33_P3598363","AK055411","ATAGCCTTCCTCCCAAGACTGTGGAATAAATAAGAGACACATCGCTCCAAAACATTTTTT",0.99989,0.866,0.351,0.1685033,0.059198,250.02,"MICU1","mitochondrial calcium uptake 1","Upregulated"
5660,0.000107,8.24e-06,-5.278906,3.395518,-1.1667788,"A_23_P329870","NM_024599","AAAGTAACGCTAACTTTGTAGGGACGATGTCTCATGGATTAAATAATATTCTTTATGGCA",0.99989,0.871,0.359,0.1626126,0.058308,2079.4,"PSAP","prosaposin","Downregulated"
1593,6.15e-08,4.75e-10,-8.715304,12.983368,-2.224171,"A_23_P76488","NM_001423","CATGTAATTTGCATTACTCTGGTGGATTGTTCTAGTACTGTATTGGGCTTCTTCGTTAAT",NA,0.886,0.395,0.1435253,0.0566213,74.61,"CYP27A1","cytochrome P450 family 27 subfamily A member 1","Downregulated"
6344,5.26e-06,1.65e-07,-6.613263,7.230407,-3.1226083,"A_21_P0000303","NR_002921","GAGAAGAAGAGAGAATTCACAGAACTAGCATTATTTTACCTTCTGTCTTTACAGAGGTAT",NA,0.956,0.958,0.0547774,0.0524719,36.66,"SCTR","secretin receptor","Downregulated"
2176,4.86e-06,1.49e-07,-6.650472,7.336186,-1.1799483,"A_21_P0013977","XM_003118933","CCGTGTTTCCTAAATGAATACTTGACATTTCGCTTGATCGTATATTTTTGCACAGCAGTG",NA,0.892,0.378,0.1358532,0.0513184,111.87,"FANCC","FA complementation group C","Downregulated"
11092,0.000248,2.35e-05,4.922987,2.373573,1.1404778,"A_33_P3274194","NM_001035003","GTACACTGAAATTTGCCATCACGTGTTTGTGTAAACTCAATGTGCACATTTTGTATTTCA",NA,0.914,0.465,0.1079873,0.0501618,42.07,"SPACA9","sperm acrosome associated 9","Upregulated"
1584,1.19e-07,1.12e-09,8.396231,12.144115,1.4169934,"A_23_P380318","NM_001965","GACTTTGTACAGCAGTGTCTTATCCAGCAGCCGATTGGATGTAACGTTTTGCTTTGGGTT",NA,0.973,1.232,0.0337297,0.0415408,18.39,"CYP11B1","cytochrome P450 family 11 subfamily B member 1","Upregulated"
9093,9.7e-05,7.27e-06,-5.32175,3.518927,-1.3969275,"A_23_P110712","NM_004417","TGTCTACTCCTAGAAGAACCAAATACCTCAATTTTTGTTTTTGAGTACTGTACTATCCTG",NA,0.888,0.269,0.1406573,0.0378205,125.7,"DNAJA3","DnaJ heat shock protein family (Hsp40) member A3","Downregulated"
10651,0.00126,0.000179,4.224536,0.402945,1.2241475,"A_23_P319557","AF426268","GTTTCCTTGATTTCTCCTCCTTTGGATGTATTGGGCTTCCTGACTCTTTGAAGAATCTAT",NA,0.963,0.762,0.0461961,0.0352244,57.14,"MTX2","metaxin 2","Upregulated"
27297,0.007,0.0015,3.465256,-1.633062,1.5993306,"linc|TCONS_00001843","","ACTGGCAAATCTCGGTGAAAGAGTAGACGCACTTCATGGATTGGAGTGAATCTTAGAGCA",NA,0.919,0.337,0.1018229,0.0343111,128.38,"CRCP","CGRP receptor component","Upregulated"
57511,0.00887,0.002,-3.357646,-1.907994,-1.4707267,"A_21_P0002394","XR_108384","CTACATTTGCAGCATCTCCAAGTTTCTGCAACAGCATTATGTTGTTGTTATGTTTTGTTT",0.99989,0.938,0.4,0.0774698,0.0309682,233.35,"COG6","component of oligomeric golgi complex 6","Downregulated"
56919,1.53e-06,3.21e-08,-7.185242,8.843526,-1.213477,"A_21_P0000590","NR_033258","GACAGTCATGTCAGAGTGAAATCTCTCAGGAAAAGTGTAACTAGTAGTTACAAAGTAAAT",NA,0.921,0.304,0.0994275,0.0301819,132.17,"DHX33","DEAH-box helicase 33","Downregulated"
203,0.00054,6.28e-05,4.586249,1.415716,1.1432641,"A_24_P11575","NM_016441","CAATATTTTTATCTTTTCCAAAATAAATTTGTTAATGATACATTACAAAAATAGATTGAC",NA,0.896,0.225,0.1309744,0.029498,143.3,"AK1","adenylate kinase 1","Upregulated"
54964,0.0046,0.000893,3.654235,-1.140928,1.8655017,"A_24_P936111","AY358798","TTCTTTCCCTCTTTCTTCTTATTTTAATTAGTAGCATCTACTCAGAGTCATGCAAGCTGG",NA,0.963,0.63,0.0466253,0.02936,22.75,"C1orf56","chromosome 1 open reading frame 56","Upregulated"
440,1.77e-05,8.28e-07,6.060388,5.648228,1.2055976,"A_23_P136413","NM_016155","GAGCCCCCCACATGGTGCCGCGGCACGTCCCCCCTGTGACGCGTTCCAGACCAACATGCA",NA,0.945,0.407,0.0690637,0.0280825,107.66,"ASNS","asparagine synthetase (glutamine-hydrolyzing)","Upregulated"
2736,4.27e-05,2.53e-06,5.679431,4.550517,4.0055212,"A_23_P114314","NM_005193","AGCCAAGGAGAGAAAGATGATCAAAAAGAAAATCTCCCAGTTTGAGAATAGTGGAGGCTC",NA,0.968,0.68,0.0402294,0.0273426,60,"GLI2","GLI family zinc finger 2","Upregulated"
23788,0.00219,0.000359,3.980123,-0.268125,1.3457995,"A_23_P346431","NM_152394","GTAAGTGGAGATGACCTTCTTCTGCTGGCCAGTTTAATAAAGATCCGTCGCCTGTTTCAT",NA,0.933,0.317,0.0843657,0.0267168,198.66,"MTCH2","mitochondrial carrier 2","Upregulated"
23245,0.00107,0.000146,4.295551,0.600122,1.2201081,"A_23_P153372","NM_032855","GAATCCGAGCCCTTTTCCCATATCATCTGTTTGTTCTGTTGTCTAAAAGCACACTGCAAG",0.99989,0.931,0.306,0.0864023,0.0264263,258.4,"ASTN2","astrotactin 2","Upregulated"
11023,0.000284,2.8e-05,4.863058,2.202311,1.4114553,"ens|ENST00000373891|tc|THC2603411","","TCATGTTCAAATCCCTCTGAGAGGCAAAGGGATGTTGGAGATACAGGTCTGCTTTTCCAT",NA,0.97,0.695,0.0375994,0.0261339,28.43,"VAX1","ventral anterior homeobox 1","Upregulated"
7091,0.00689,0.00147,-3.472787,-1.613671,-1.4626417,"A_33_P3399064","NR_003285","TGCGAGAATTAATGTGAATTGCAGGACACATTGATCATCGACACTTCGAACGCACTTGCG",0.99989,0.958,0.324,0.0523596,0.0169803,348.61,"TLE4","TLE family member 4, transcriptional corepressor","Downregulated"
55707,3.4e-06,9.26e-08,-6.814628,7.801553,-1.2886904,"A_33_P3381117","XR_132703","ATGATGCTCTCGATAGGAAGCAGTGGATTTGCTGGGACGTGTCTGTGGTCACCGGGATGA",NA,0.963,0.362,0.0468332,0.0169349,112.38,"NECAP2","NECAP endocytosis associated 2","Downregulated"
54808,0.000147,1.21e-05,5.147994,3.01885,2.1562962,"A_23_P305245","NM_001168214","CATGATCCAAAACATAAGAACTTACGACTTGTAACTCGTTTAAAGCCATTAATTGTGCAG",0.99989,0.965,0.316,0.044062,0.0139042,384.97,"DYM","dymeclin","Upregulated"
27351,0.000935,0.000124,-4.351335,0.755625,-1.1218552,"A_19_P00317704","XR_109941","ATCTCAGGACAATGTTTTCTCAGATGCTCTTCCAGAAAGAAAAGCCAGGAGTACTCCTGG",0.99989,0.968,0.337,0.0402971,0.0135601,232.43,"DESI1","desumoylating isopeptidase 1","Downregulated"
8727,5.67e-06,1.85e-07,-6.575445,7.122791,-1.6292012,"A_33_P3298105","NM_001166271","TTCCTAAGGAGTGATGAGGTTAGAGGATCACTTCTGCATTTGATTTTCAAGGATGCCGTC",NA,0.985,0.406,0.018696,0.0075973,137.73,"CTNNAL1","catenin alpha like 1","Downregulated"
56952,5.72e-05,3.65e-06,5.555244,4.192225,1.7459211,"linc|TCONS_l2_00017153|linc|TCONS_l2_00017152","","GCGCTATTCTGCCTTCCATACTTATTTTTCCCAAGAAGTAATTTAAAAAACACATTGGAG",NA,0.992,0.371,0.0095805,0.0035573,98.18,"PRTFDC1","phosphoribosyl transferase domain containing 1","Upregulated"
55222,2.38e-05,1.21e-06,5.931848,5.278255,1.5499801,"A_33_P3216133","NM_024645","TCTCCCTAAACTCAATAGAACAGTATCATGCCCATCTGAAAGGATCTAAACACCAGACCA",NA,0.999,0.451,-0.0009431,-0.0004252,76.84,"LRRC20","leucine rich repeat containing 20","Upregulated"
5214,0.00148,0.00022,4.151651,0.201549,1.5066331,"A_23_P94571","NM_004432","GGACAAGAGGTACAGGGTTTTTACCTGTCACATTGCATTCTATTGCCTTCTTTGAAGAAG",0.99989,0.995,0.353,-0.0064648,-0.0022838,489.87,"PFKP","phosphofructokinase, platelet","Upregulated"
26164,1.36e-05,5.8e-07,-6.181838,5.997208,-3.955921,"A_21_P0003545","CN285178","CTAAACGATACCAAGAGAGAAGAGAGAATATTATCTGAGGAAATTACATCCTCCTCTCAG",NA,0.988,0.354,-0.0153363,-0.0054352,83.62,"MTG2","mitochondrial ribosome associated GTPase 2","Downregulated"
8912,0.00703,0.0015,3.463742,-1.63696,1.2594876,"linc|TCONS_00014011","","CTGTCTCCATACTTTTACCTATGCCTGCTCCTAAGCATCAGAATACTAAGTAATTAATAA",NA,0.99,0.591,-0.0123007,-0.007266,98.39,"CACNA1H","calcium voltage-gated channel subunit alpha1 H","Upregulated"
9256,2.65e-06,6.69e-08,6.927617,8.120555,1.831457,"A_33_P3499692","AF258587","TCGTACACCCCTCCCCTTTTGAAATCCATAATAAAAACTTGCTGGTTTTGTGGCTCAGGG",0.99989,0.979,0.282,-0.0262084,-0.0073987,600.75,"TSPOAP1","TSPO associated protein 1","Upregulated"
3787,0.000299,3e-05,4.83991,2.136238,1.4215232,"A_23_P201939","NM_005167","ACTACTGACTGTGAGGTAGCTGCCACTGTGGACAGGGTGCTGTCGGCCTATGAGCCTAAT",NA,0.979,0.447,-0.0261208,-0.0116748,147.62,"KCNS1","potassium voltage-gated channel modifier subfamily S member 1","Upregulated"
2907,0.000665,8.14e-05,4.497079,1.164228,1.351089,"A_23_P320739","NM_002397","GAAAAATGTGAAAGACTGGGTGCTAGACAAGAAGGAAGCAGGTAAAGGGATAGTTGCTTT",0.99989,0.963,0.32,-0.0467502,-0.0149513,286.51,"GRINA","glutamate ionotropic receptor NMDA type subunit associated protein 1","Upregulated"
9677,0.00197,0.000315,4.02659,-0.141519,1.3280481,"A_23_P12128","NM_000549","TACCAGGATGCCCACTCCATGTTGCTCCCTATTTTTCCTATCCTGTTGCTTTAAGCTGTA",0.99989,0.956,0.289,-0.0548418,-0.0158306,361.14,"PPIP5K1","diphosphoinositol pentakisphosphate kinase 1","Upregulated"
8439,0.000396,4.23e-05,4.721774,1.799823,1.4170515,"A_23_P73721","NM_016656","GGAATTTTGCTGAAATTATCGAAGCTGATGAAGTACTTCTTTTTGAGAGAGCTACTTTTC",NA,0.959,0.307,-0.051903,-0.0159385,180.76,"NSMAF","neutral sphingomyelinase activation associated factor","Upregulated"
25941,0.000964,0.000129,4.338836,0.720737,1.3432757,"A_23_P12128","NM_000549","TACCAGGATGCCCACTCCATGTTGCTCCCTATTTTTCCTATCCTGTTGCTTTAAGCTGTA",0.99989,0.959,0.311,-0.051714,-0.0160785,337.35,"TPGS2","tubulin polyglutamylase complex subunit 2","Upregulated"
8434,5.34e-08,4.01e-10,8.778778,13.148706,1.485075,"A_32_P230868","NM_024519","CCTCCCCCACAGATTCCTAGCAATGAAAATCTAATATATTCTTCTGTTGCCCCTGGGGTT",NA,0.957,0.381,-0.0534111,-0.0203615,108.85,"RECK","reversion inducing cysteine rich protein with kazal motifs","Upregulated"
51175,0.00576,0.00118,-3.551911,-1.408808,-1.1435125,"A_24_P143301","NM_181337","GGGTAGGGATCTGCATTTCTTCATATCAACCCCACACTATAGGGCACCTAAATGGGTGGG",NA,0.963,0.467,-0.0466341,-0.0217756,135.41,"TUBE1","tubulin epsilon 1","Downregulated"
762,0.0121,0.00295,3.211902,-2.273593,1.3935213,"A_33_P3360227","","ATTCGATCCGAGGTTTCTAGTCCCCAGCTGGACATCACAGCACCAACTCCCACTCAGGAG",NA,0.938,0.314,-0.0772657,-0.0242327,95.85,"CA4","carbonic anhydrase 4","Upregulated"
57546,2.02e-09,4.21e-12,10.576995,17.602215,2.1069663,"A_23_P121533","NM_012445","GCGGTTTCGGAAGCGTCAGTGTTTCCATGTTATGGATCTCTCTGCGTTTGAATAAAGACT",NA,0.936,0.33,-0.0797004,-0.0262705,146.1,"PDP2","pyruvate dehydrogenase phosphatase catalytic subunit 2","Upregulated"
7837,7.97e-06,2.9e-07,-6.419223,6.677185,-3.918719,"linc|TCONS_00022880","","CAGCTAGAAGAGAGAGGAGCTGGCCTATGATGTACTTAAGAAAGTTGTTTTGTACCTAAC",NA,0.947,0.412,-0.0667808,-0.0274851,125.08,"PXDN","peroxidasin","Downregulated"
22891,0.0112,0.00268,3.247813,-2.184266,1.1808324,"linc|TCONS_00011943","","TGCACAATATGTTTCTGTGGGAATTGAATGGAAATCCAGGTTTCCTGACAAGAAACAAAG",0.99989,0.949,0.468,-0.0642502,-0.0300428,415.48,"ZNF365","zinc finger protein 365","Upregulated"
8576,0.00448,0.000864,-3.666001,-1.10992,-1.2837238,"A_23_P79488","NM_172311","AAGCCATTGGTGATGCAGAGTGGTAAACCTTGTGAGCTCAGTACATCTATTTTGTGAACA",NA,0.936,0.472,-0.0799424,-0.037725,46.78,"STK16","serine/threonine kinase 16","Downregulated"
6530,0.00354,0.00065,-3.768462,-0.838221,-1.1442758,"A_21_P0000257","NR_002563","ACACAAAATGACAAGCATATGGCTGAACTTTCAAGTGATGTCATCTTACTACTGAGAAGT",NA,0.972,1.1,-0.0351444,-0.0386587,25.23,"SLC6A2","solute carrier family 6 member 2","Downregulated"
29085,4.51e-11,2.23e-14,-12.881359,22.665442,-1.4626065,"A_33_P3270636","NM_016479","ATCATCATCTGCTTCACCTGCTCCTGCTGCTGCCTGTACAAGATGTGCCGCCGAACACGT",NA,0.923,0.42,-0.0961829,-0.0403762,54.85,"PHPT1","phosphohistidine phosphatase 1","Downregulated"
60495,7.7e-07,1.32e-08,-7.499619,9.716687,-2.2134037,"A_23_P16523","NM_004864","TATTGGGGTGACCTTCTTGGGGACTCGGGGGCTGGTCTGATGGAACTGTGTATTTATTTA",NA,0.934,0.505,-0.0828516,-0.0418187,51.26,"HPSE2","heparanase 2 (inactive)","Downregulated"
1025,0.0153,0.00393,3.10263,-2.542211,1.31114,"A_21_P0005010","BM352801","GAATATCCTCTAAAAGGCAGCTAAGCACTCGCTGTCTTCTTCCTTTTGCCTCATCAAGCA",NA,0.894,0.383,-0.1332486,-0.051006,187.17,"CDK9","cyclin dependent kinase 9","Upregulated"
57144,5.62e-05,3.56e-06,-5.563693,4.216602,-1.2291097,"A_23_P104464","NM_000698","GATGTCTATTCTTGTTGGAGACATGGGATGATTATTTTCTGTTCTATTTGTGCTTAGTCC",NA,0.849,0.28,-0.1907649,-0.0535025,177.74,"PAK5","p21 (RAC1) activated kinase 5","Downregulated"
23076,3.18e-06,8.52e-08,6.843587,7.883418,1.2044573,"A_21_P0000080","NM_001170781","CTCTTGCACCAGCATTTGCAGAATTAAATTCCTTAGGTTTGTTTCTTTCATATCAACTCT",NA,0.869,0.351,-0.1654648,-0.0581374,164.14,"RRP1B","ribosomal RNA processing 1B","Upregulated"
54072,0.00288,0.000503,-3.860016,-0.593016,-1.6071988,"A_33_P3253717","","CACAGCTGAATTTTTGGAAGACTTGATTTTCCGAATTGTTGAAGAAGAAGAGGAAGAGGA",NA,0.92,0.636,-0.1003125,-0.0637908,25.05,"LINC00158","long intergenic non-protein coding RNA 158","Downregulated"
23108,0.000589,7e-05,4.549364,1.311561,1.3694735,"A_23_P156861","NM_012419","TCCAAGGTTTTTGAACTCTCAAATTTATAAGTCATTTGTTGAAAGTACTGCTGGCTCTTC",0.99989,0.845,0.376,-0.1952874,-0.0733794,467.87,"RAP1GAP2","RAP1 GTPase activating protein 2","Upregulated"
55139,0.000107,8.17e-06,5.281898,3.404134,1.2119897,"A_33_P3284662","NM_153232","ATCAGCGAAATCCTCACAGGGTGGACCTCGATATTTTAACCTTTACGATAGCTCTGACTG",NA,0.804,0.332,-0.2478399,-0.0822547,198.58,"ANKZF1","ankyrin repeat and zinc finger peptidyl tRNA hydrolase 1","Upregulated"
7169,3.4e-07,4.52e-09,7.884637,10.771044,1.6994089,"A_23_P109774","NM_014415","GCCTCTCCCAGTTTACTTTAAAAATGGCTTTAAGGATAAAGAATAAATGTGATAGCTGTG",NA,0.865,0.506,-0.1694052,-0.0856572,78.67,"TPM2","tropomyosin 2","Upregulated"
26220,0.000813,0.000104,-4.41209,0.925564,-1.4587787,"A_23_P10936","NM_033060","TGGCCATCAGCTTTATTATCCTGTTATTCCACTAAGTAACTGGTGAAAGGGCATCCATCT",NA,0.822,0.384,-0.224515,-0.0861735,185.71,"DGCR5","DiGeorge syndrome critical region gene 5","Downregulated"
27443,0.00023,2.14e-05,4.954456,2.463619,1.4623385,"A_23_P12336","NM_018137","CTCTCTCATTTGGAGGGATCATGTGAGTTGGCCTACTTACAAGTAGTGAAAGTTCCCTTT",0.99989,0.836,0.424,-0.2074416,-0.0878899,266.87,"CECR2","CECR2 histone acetyl-lysine reader","Upregulated"
10391,0.000182,1.6e-05,5.054388,2.750023,1.1488045,"A_33_P3511777","NR_038895","CTTTAGTCCATCACATTTCTACACCGCTGTCCATTCTTCATCAAACCGAAGAATAAAAAA",0.99989,0.784,0.321,-0.2743604,-0.0880281,372.67,"CORO2B","coronin 2B","Upregulated"
4722,1.86e-06,4.2e-08,7.090906,8.579531,2.1295994,"A_32_P465742","NM_003558","TTCCTATGGACTTTTGCATTATTTCATTGTGCATGCATCCAGTGATTATACATAAGCAAC",NA,0.846,0.477,-0.1948047,-0.0928448,76.47,"NDUFS3","NADH:ubiquinone oxidoreductase core subunit S3","Upregulated"
10585,0.00562,0.00115,3.563328,-1.379078,1.3869871,"A_33_P3338693","NM_003081","CTCCTGTCTCCTCTGTCAGTTTGTGAAGTGATTGACATTTTGTAGCTAGTTTAAAATTAT",NA,0.723,0.267,-0.3547327,-0.0946411,148.27,"POMT1","protein O-mannosyltransferase 1","Upregulated"
29081,0.00108,0.000149,-4.288969,0.581811,-1.300198,"A_23_P158096","AK021957","GACAAAGTTTGGGGAATTTTTGAATTTTCCTAGCATCGCCCTTGTGCTCATCAGGTAATC",NA,0.87,0.577,-0.1639849,-0.0946825,65.69,"METTL5","methyltransferase 5, N6-adenosine","Downregulated"
6311,0.0018,0.00028,4.067196,-0.030492,1.2642901,"A_21_P0012579","BX102043","TCTTCTTTCAGGGATGAACTGCTGTCCTCATCAGACGCCTTATTTTGTTTAGAATTCAAG",0.99989,0.78,0.342,-0.2790303,-0.0954212,553.01,"ATXN2","ataxin 2","Upregulated"
5588,2.08e-08,1.12e-10,9.264374,14.395473,1.8321639,"A_23_P40194","NM_017895","CATGTCTGTCAATCTCCCTTCTTGCTGATTAGCTTTCATATGACTATATTAAATGGAAGT",NA,0.769,0.36,-0.2931079,-0.1056313,93.21,"PRKCQ","protein kinase C theta","Upregulated"
11313,0.000137,1.11e-05,-5.177995,3.105106,-1.2282058,"A_21_P0014446","XR_109840","GTAAATGCATGCCTGAAATTTGGTTAGATTGGCTGTGTTTTGTGTCTTTTAACATGATCA",NA,0.772,0.375,-0.2893662,-0.1084282,36.44,"LYPLA2","lysophospholipase 2","Downregulated"
2310,0.000191,1.7e-05,5.032313,2.6867,1.4191587,"A_33_P3290714","NM_001077188","AGAATGATAACACCAGCAATGGCACCAACGACTACATAGGCAGTGTAGAGAAATGGCGTT",NA,0.752,0.352,-0.3159716,-0.1111978,109.04,"FOXO3B","forkhead box O3B","Upregulated"
56255,0.00598,0.00124,3.535262,-1.452084,1.1881229,"A_23_P346813","NM_002578","AGGTGATCCATAGAGATATAAAGAGTGACAATATTCTTCTCGGGATGGATGGCTCTGTTA",0.99989,0.747,0.346,-0.3229238,-0.1117845,470.55,"TMX4","thioredoxin related transmembrane protein 4","Upregulated"
51586,7.67e-08,6.34e-10,-8.607015,12.70005,-1.126522,"A_23_P406424","NM_175744","AACATTCCTGAGAAGTGGACCCCAGAGGTGAAGCACTTCTGCCCCAACGTGCCCATCATC",0.99989,0.577,0.205,-0.5581548,-0.1143737,308.08,"MED15","mediator complex subunit 15","Downregulated"
2681,0.000293,2.92e-05,4.848387,2.16043,1.6108051,"A_23_P29939","NM_007308","TGACAGATGTTCCATCCTGTACAAGTGCTCAGTTCCAATGTGCCCAGTCATGACATTTCT",NA,0.876,0.735,-0.1556823,-0.114381,26.34,"GGTA1","glycoprotein alpha-galactosyltransferase 1 (inactive)","Upregulated"
860,0.000107,8.22e-06,5.279951,3.398526,1.9433834,"A_33_P3249224","NM_001701","GCATTTGGCTGCATAGCTACAATGATGGCATTTTAACTTATTCATGATTAGAGATGATGA",NA,0.803,0.462,-0.2497722,-0.1152728,52.96,"RUNX2","RUNX family transcription factor 2","Upregulated"
4122,0.000181,1.59e-05,5.056154,2.755091,1.4085817,"A_33_P3411204","NM_001491","CTTAACAGTCACCACTGTGCTCAACCAGACAGATAGTGAAACAGCTTTCTGGGTAATTCA",0.99989,0.73,0.335,-0.3449765,-0.1154746,487.46,"MAN2A2","mannosidase alpha class 2A member 2","Upregulated"
11276,0.00325,0.000584,3.806926,-0.735475,1.4874978,"A_23_P86532","AK026129","TCCCCAGATTAGAATGTGTTTATTTGGGTTGGAGTATCACTGACTGTGGCCTCTCTGACT",0.99989,0.696,0.295,-0.3913947,-0.1155885,401.37,"SYNRG","synergin gamma","Upregulated"
6441,0.0455,0.0155,2.554457,-3.806853,1.1931033,"A_21_P0006723","BG215621","TTTGGTTATTTTATTATTTCATAATGCTGAGCTGTGATGGACCTGACGACATCTGAGAAA",NA,0.882,0.78,-0.149055,-0.1163204,20.17,"SFTPD","surfactant protein D","Upregulated"
9470,0.000169,1.45e-05,5.087584,2.845304,1.279369,"A_23_P340617","NM_000826","TTGTATTCTTGTTATTTCTGGAAGAAAGCCTTTGTGTAGCACTTGGTATTTTGCAAAGTG",NA,0.657,0.263,-0.44428,-0.1167383,187.43,"EIF4E2","eukaryotic translation initiation factor 4E family member 2","Upregulated"
6570,0.000766,9.69e-05,4.437059,0.99557,1.6300588,"A_24_P226755","NM_014729","TTGGAAACCAAGAGAATGGCTGATGTCTCTTTCTTGGAATATGTGAAATAAATTTAGCAG",NA,0.923,1.212,-0.0964437,-0.1169209,16.68,"SLC18A1","solute carrier family 18 member A1","Upregulated"
58493,3.61e-09,9.49e-12,-10.243554,16.810324,-1.2599355,"A_23_P104199","NM_133376","TGCAACCCCAACTACACTGGCAGTGCATGTGACTGTTCTTTGGATACTAGTACTTGTGAA",NA,0.755,0.391,-0.311649,-0.1218157,173.4,"INIP","INTS3 and NABP interacting protein","Downregulated"
29103,0.000621,7.48e-05,4.526478,1.247027,1.3041128,"A_33_P3347201","BC045679","GGTTAAAAATGCTGCTTCCTTTGACCTTTATGAATTTCTGTACCTTTGTCATTCTGTTAC",0.99989,0.755,0.399,-0.3125611,-0.1246854,335.4,"DNAJC15","DnaJ heat shock protein family (Hsp40) member C15","Upregulated"
7301,0.0124,0.00303,3.201826,-2.298567,1.3369819,"A_33_P3420635","NM_001004708","TCATTACCCCCATGCTGAACCCCATCATCTATTCCCTGAGAAATCAAGAGATGAAGTCAG",0.99989,0.627,0.26,-0.4856991,-0.1261503,517.06,"TYRO3","TYRO3 protein tyrosine kinase","Upregulated"
7324,2.85e-05,1.53e-06,-5.851813,5.047642,-1.1129401,"A_23_P110052","NM_023067","GCCCGAAAACCATAGACCTGGTTGTACTGTAGCTTGTTGTTTGGGGGACCAAATTTTCTA",NA,0.681,0.316,-0.4111594,-0.1298874,125.75,"UBE2E1","ubiquitin conjugating enzyme E2 E1","Downregulated"
9897,0.000612,7.33e-05,-4.533439,1.266649,-1.263059,"A_21_P0000322","NR_002968","GTCTGTTGGCTGTTCTGGGACCTCAGTAGGGAATGGCTATTTCATTTGGAAGAAACAACC",0.99989,0.711,0.354,-0.3703091,-0.1309608,271.23,"WASHC5","WASH complex subunit 5","Downregulated"
1066,1.52e-06,3.17e-08,7.189956,8.856696,1.161523,"A_33_P3294222","NM_001013838","CCTCTCTCGGCAGGGCGGCGAGCAGTGTCTGTGCATGAGGACCAGCTCCAGGCCCCTGCT",NA,0.896,1.012,-0.1301631,-0.1317715,14.54,"CES1","carboxylesterase 1","Upregulated"
5289,0.0193,0.00526,-2.98951,-2.814955,-1.2045714,"A_33_P3378962","XR_112910","GTTCAATTGGAATTCAAGGACTTAATCCACTTTTAATTACACTGTTCCTGTTGTTGCATC",0.99989,0.669,0.309,-0.4269614,-0.1321348,561.83,"PIK3C3","phosphatidylinositol 3-kinase catalytic subunit type 3","Downregulated"
537,8.36e-08,7.16e-10,8.561348,12.580103,2.2355523,"A_32_P528967","NM_153708","CCCACCTCTGTTAAAAACTTGACTACTCTCCTCTTTAATAGAAAGTCACCATCATCTGTA",0.99989,0.744,0.414,-0.3270397,-0.1354631,215.88,"ATP6AP1","ATPase H+ transporting accessory protein 1","Upregulated"
8458,0.00421,8e-04,3.693947,-1.036112,1.1870988,"A_23_P428260","NM_152999","GCATTTAAGCCATTGTAAATCTGGGTGTGTTACATGAAGTGAAAATTAATTCTTTCTGCC",NA,0.68,0.331,-0.412606,-0.1363693,131.03,"TTF2","transcription termination factor 2","Upregulated"
955,0.0129,0.00321,-3.180628,-2.350973,-1.687339,"A_23_P375372","NM_021871","GGAGAGAGTACCACACAGAAAAACTGGTCACTTCTAAAGGAGATAAAGAGCTCAGGACTG",0.99989,0.676,0.327,-0.4183709,-0.1368176,225.94,"ENTPD6","ectonucleoside triphosphate diphosphohydrolase 6","Downregulated"
7627,8.57e-05,6.22e-06,5.374567,3.67114,1.3618798,"tc|THC2669746","","CTGTGTTGTAATCGCACGCTGATCTCACAATAAATAACGTGTGCATGGAACGTGCCTTCA",NA,0.655,0.312,-0.4474015,-0.1396371,123.96,"ZNF75A","zinc finger protein 75a","Upregulated"
2812,0.00956,0.0022,3.323176,-1.995186,1.4822506,"A_23_P377664","NM_001135745","AGATCTGTCCTGCAGTGTTTCTTTTTAGGTTTTTGAAACCACATAGCCTCTTGATTCTCA",NA,0.803,0.594,-0.2500448,-0.1485901,22.92,"GP1BB","glycoprotein Ib platelet subunit beta","Upregulated"
5034,9.74e-09,4.15e-11,9.65315,15.370242,1.3210879,"A_23_P404685","NM_178348","TCCTAAGTGCCCCCCAAAGTGTCCCCCTAAGTGCCCTCCAGTCTCTTCCTGCTGCAGTGT",0.99989,0.587,0.274,-0.543533,-0.1487557,259.11,"P4HB","prolyl 4-hydroxylase subunit beta","Upregulated"
10623,1.03e-06,1.94e-08,-7.363817,9.340794,-1.1307902,"A_23_P51487","NM_018284","AATCCTAAAGCATAAGTTAGTCTTTTCCTGATTCTTAAAGGTCATACTTGAAATCCTGCC",NA,0.601,0.289,-0.5235471,-0.1512016,141.08,"POLR3C","RNA polymerase III subunit C","Downregulated"
6451,0.00572,0.00117,3.555612,-1.399175,1.2211333,"ens|ENST00000368558|ens|ENST00000467611|tc|THC2647449","","TTCGGTGTCCTGAAGCCATGGCTCCATTACAAACTGTCCGCAGTGTCCCCAACCGCAGAA",0.99989,0.716,0.435,-0.364259,-0.1583854,375.75,"SH3BGRL","SH3 domain binding glutamate rich protein like","Upregulated"
2894,0.00783,0.00172,-3.41433,-1.763678,-1.2158777,"A_23_P386384","NM_152377","GAGCCAGCACTGCGGTACTTAAAGGAGCTATGATAACAAGCCCATATTGTGAGAACAGAT",NA,0.589,0.294,-0.5406496,-0.1591644,206.66,"GRID1","glutamate ionotropic receptor delta type subunit 1","Downregulated"
774,0.000813,0.000104,-4.41173,0.924553,-1.1873823,"A_21_P0000441","NR_003297","ATTGTCCTGAAGAGAGGTGATGACTTAAAAATCATGCTCAATAGGATTACGCTGAGGCCC",0.99989,0.625,0.329,-0.4882671,-0.1604858,545.93,"CACNA1B","calcium voltage-gated channel subunit alpha1 B","Downregulated"
57585,0.00332,0.000598,-3.79845,-0.758151,-1.4940314,"linc|TCONS_00004136","","ACCAAGGATGCCAAGAGATCTGATGCATAGTCTTACCCTCAATGGGCTTACAAAGTACTG",0.99989,0.484,0.232,-0.699584,-0.1625945,224.87,"CRAMP1","cramped chromatin regulator homolog 1","Downregulated"
55845,0.00182,0.000285,-4.060749,-0.048144,-1.3498173,"linc|TCONS_00025946","","TTAACTTAGGAGACGTGCGCTTCCGAGAGATGAGAAGAAACTAAAAAAGTGGTTGGCAGG",NA,0.667,0.379,-0.430215,-0.1631449,162,"BRK1","BRICK1 subunit of SCAR/WAVE actin nucleating complex","Downregulated"
23476,0.00183,0.000287,4.059309,-0.052084,1.1664603,"A_23_P43273","NM_000127","ACGACTACTCCATGGTGTTGACAGGAGCTGCTATTTACCACAAATATTATCACTACCTAT",0.99989,0.482,0.243,-0.7037026,-0.1713408,627.77,"BRD4","bromodomain containing 4","Upregulated"
4779,3.53e-10,3e-13,11.701694,20.161007,3.0008213,"A_23_P53018","NM_054108","TGCTTCCTTCCCTTGCCTTCTCTCAATGGCTCCGATTAAGAAAATTGTGAACTTCTGGAA",0.99989,0.49,0.252,-0.6902088,-0.1740748,812.59,"NFE2L1","NFE2 like bZIP transcription factor 1","Upregulated"
29091,0.000716,8.9e-05,4.466376,1.077887,1.2774898,"A_23_P113382","NM_021150","TAACTAAGACGTATGCTATTCCCTATGCAACAAATTATCAAACAGGATATGTCTTGTGAC",0.99989,0.6,0.335,-0.5242074,-0.1757731,244.33,"STXBP6","syntaxin binding protein 6","Upregulated"
1826,6.71e-07,1.1e-08,-7.564037,9.894283,-2.0476515,"A_33_P3390013","NM_006988","GTGATCCTTTAAAGAAACCTAAACATTTCATAGACTTTTGCACAATGGCAGAATGCAGTT",0.99989,0.619,0.355,-0.4973595,-0.1767431,412.47,"DSCAM","DS cell adhesion molecule","Downregulated"
3920,0.00172,0.000265,4.086988,0.023756,1.6919992,"A_23_P6422","NM_006604","TGGGTGGGTAGACTTAGGAATTTTCTACTTGGTAAAAGCATTATACAGTCATAGGAGAAA",0.99989,0.675,0.421,-0.4198952,-0.1769459,1035.99,"LAMP2","lysosomal associated membrane protein 2","Upregulated"
10474,0.000242,2.29e-05,-4.932104,2.399654,-4.281165,"A_23_P207507","NM_003786","GTAACTGTGCTGAATGCTTTAGATGAGGAAATGATCCCCAAGTGGTGAATGACACGCCTA",NA,0.509,0.269,-0.6600623,-0.1774997,185.91,"TADA3","transcriptional adaptor 3","Downregulated"
6535,1.33e-05,5.66e-07,-6.190557,6.022236,-1.3297975,"A_24_P343233","NM_002124","TTCGTGCTGGGCCTGCTCTTCCTTGGGGCCGGGCTGTTCATCTACTTCAGGAATCAGAAA",0.99989,0.644,0.401,-0.4624765,-0.1854192,305.31,"SLC6A8","solute carrier family 6 member 8","Downregulated"
5531,0.00341,0.000619,3.786074,-0.791224,1.1387929,"tc|THC2652331","","GTGATTTGAAACAGTTTTCACTTTGAAAAACTGCTTCCGTGGATTAAAAGTTGTCACCAC",NA,0.757,0.605,-0.309322,-0.1871143,33.21,"PPP4C","protein phosphatase 4 catalytic subunit","Upregulated"
10077,0.0234,0.00671,2.8939,-3.040992,1.2296929,"A_21_P0012946","XM_001128459","ACAGCATGATATTGACATCTTAAATCAGAAGCAGCAAACCCCTCTGCATGTAGCTGCTGA",NA,0.831,0.882,-0.21384,-0.1886594,20.23,"TSPAN32","tetraspanin 32","Upregulated"
10743,5.03e-05,3.11e-06,-5.610184,4.350734,-1.1753093,"A_21_P0000298","NR_002916","GTTGCCCTGGTTTGGGTGCCAGTGAGTTTAACAAAACTTCTCACATGAAGATCTGAGGGG",0.99989,0.547,0.317,-0.6021071,-0.1907512,253.5,"RAI1","retinoic acid induced 1","Downregulated"
1506,7.16e-06,2.5e-07,6.47057,6.823828,1.4030305,"A_23_P420326","NM_153756","AAATGGTGCTTGATGAGGGAAGGTAGACTCTTCCCTAGGACTGACGAGTTACGGCTGCCA",NA,0.775,0.684,-0.2863451,-0.1957348,11.66,"CTRL","chymotrypsin like","Upregulated"
8924,1.47e-05,6.45e-07,6.145548,5.892998,1.3692512,"linc|TCONS_00017182","","TGAGGATGTCCCAGTGTTCTCACGTTCCACCTTCAATCACACTTAACCAATGTTAAATCC",0.99989,0.409,0.237,-0.8258365,-0.19603,1361.19,"HERC2","HECT and RLD domain containing E3 ubiquitin protein ligase 2","Upregulated"
1318,0.00115,0.00016,-4.263572,0.51122,-1.1864555,"A_33_P3336484","NM_006985","GGCAGGTGTCAGAGGCAGAGGAAAATGGGAAATTGGATATGAAAGAAATACACACCTACA",NA,0.627,0.404,-0.4861143,-0.1964539,144.94,"SLC31A2","solute carrier family 31 member 2","Downregulated"
6261,3.1e-05,1.7e-06,-5.815911,4.944144,-1.1326707,"A_33_P3366073","BC073152","AGTGCTGGGGTCCTGGGATCCACAGAATGGAATTTCAAGAACACTGATAAATTGCTGTAG",0.99989,0.378,0.223,-0.8816936,-0.1968839,385.38,"RYR1","ryanodine receptor 1","Downregulated"
6689,0.000184,1.62e-05,-5.050166,2.737911,-1.3425425,"A_23_P153320","NM_000201","GAAATACTGAAACTTGCTGCCTATTGGGTATGCTGAGGCCCACAGACTTACAGAAGAAGT",NA,0.859,1.107,-0.1779131,-0.1970182,13.8,"SPIB","Spi-B transcription factor","Downregulated"
2901,0.00111,0.000153,4.279299,0.554919,1.1622678,"A_33_P3371633","NM_014978","ATTGCCACTATTGCAAACAGCGAAAGCACAAAGGAGATCCCCAACTGCACTAGTGTTTAA",0.99989,0.551,0.339,-0.5956526,-0.2017497,264.58,"GRIK5","glutamate ionotropic receptor kainate type subunit 5","Upregulated"
27097,1.52e-06,3.18e-08,7.188706,8.853205,1.647579,"A_23_P258483","NM_024669","ACTCCCTAAATAAGCACTTAGAATATTTGGGTGTGCATATTAAGTCTGTGAATTTCTGTG",NA,0.545,0.334,-0.6058094,-0.2022415,94.15,"TAF5L","TATA-box binding protein associated factor 5 like","Upregulated"
571,1.57e-09,2.86e-12,10.737162,17.977133,1.5056907,"A_21_P0002073","DB092709","TTCATGTTCCACCTTCCCCTCTTCCCCGCTATTCCACAGGGTCTGGAGGAGAAGAGCAGA",0.99989,0.553,0.344,-0.593766,-0.2043353,344.46,"BACH1","BTB domain and CNC homolog 1","Upregulated"
11261,0.000294,2.93e-05,4.847298,2.157323,1.5721594,"A_23_P111517","NM_022479","AGGGCTGAAGCAAAGGCTGCCAGGACCCTTGAAGATGCTTTTGGCTCACCTCATTTCACC",0.99989,0.543,0.342,-0.6082737,-0.2079121,236.69,"CHP1","calcineurin like EF-hand protein 1","Upregulated"
26048,0.000759,9.58e-05,4.441187,1.007154,1.2800481,"A_23_P122197","NM_031966","GGACACCAACTCTACAACATTACCTGTCATATACTGAAGAATCTCTTCTTCCAGTTATGC",NA,0.64,0.446,-0.4682384,-0.2087181,65.38,"ZNF500","zinc finger protein 500","Upregulated"
23220,1.37e-06,2.78e-08,7.235218,8.983025,2.0912324,"A_21_P0004145","DA145234","CCAAACTTGAGTAAGAACTCCCTGACTTGGAAACACTCAAGTTTCCCACACATGACTGGA",NA,0.442,0.275,-0.7688985,-0.2118018,172.3,"DTX4","deltex E3 ubiquitin ligase 4","Upregulated"
55466,0.00784,0.00172,-3.413596,-1.765554,-1.2667055,"A_23_P41498","NM_000672","GTTCTGTTTTTGGAGGCTGGAAGAGCAGACAGCACATCCCTAAACTGGTTGCTGATTATA",0.99989,0.538,0.344,-0.6152561,-0.2118941,273.77,"DNAJA4","DnaJ heat shock protein family (Hsp40) member A4","Downregulated"
7226,4.21e-07,6.08e-09,7.777191,10.478551,2.7619575,"A_23_P124108","NM_000632","GTCTCCCTTTCCAGATATTCAAGTCACCTCCTTAAAGGTAGTCAAGATTGTGTTTTGAGG",0.99989,0.548,0.355,-0.6010344,-0.2133002,255.61,"TRPM2","transient receptor potential cation channel subfamily M member 2","Upregulated"
7625,0.000628,7.57e-05,4.522039,1.234516,1.2392309,"ens|ENST00000519491","","AGATGCAACGTAGCTGAAATAAAAGGCGTGATGGTATATATCCCCCTAAGGCTAAGAGGC",NA,0.458,0.298,-0.7427955,-0.2212782,83.11,"ZNF74","zinc finger protein 74","Upregulated"
8943,0.00343,0.000624,3.783403,-0.798359,1.3045293,"A_23_P319719","NM_138575","GGAACTACATCCACCGCGCAGATGCCAGGCAGGAGGAGGACAGTTACGAGATCTTCATCT",0.99989,0.404,0.276,-0.834662,-0.2304956,613.74,"AP3D1","adaptor related protein complex 3 subunit delta 1","Upregulated"
4880,7.81e-06,2.83e-07,-6.428123,6.702615,-4.123607,"ens|ENST00000481762|linc|TCONS_l2_00027517","","CTGCTAAACTAAAGTAGATTAATGAGAAGGGAGAGAGAGCCAAGACCATCAAGCAGACAA",NA,0.835,1.11,-0.2081951,-0.2311882,13.69,"NPPC","natriuretic peptide C","Downregulated"
468,6.2e-07,9.99e-09,-7.599062,9.990647,-1.5288148,"A_23_P49338","NM_016639","TCACTCAGATGTCCTGAAATTCCACCACGGGGGTCACCCTGGGGGGTTAGGGACCTATTT",0.99989,0.392,0.271,-0.8557976,-0.2315258,417.9,"ATF4","activating transcription factor 4","Downregulated"
5885,0.0157,0.00407,3.089058,-2.575227,1.2150056,"A_33_P3300858","NM_001005201","GCTCCTGTGTTTTATACTATTGTGATTCCCATGCTGAATCCACTCATTTATAGTCTTAGA",0.99989,0.537,0.38,-0.6180373,-0.2345674,825.06,"RAD21","RAD21 cohesin complex component","Upregulated"
54829,0.017,0.0045,-3.050079,-2.669613,-1.1005972,"linc|TCONS_00008443","","TTGAGTGCTTGCTTATTTAGGAAGCTCTGTGCTGGACTCAATTTTTGCTGTCGTCTTTAG",NA,0.643,0.513,-0.4640199,-0.2382387,26.79,"ASPN","asporin","Downregulated"
23162,8.66e-07,1.56e-08,7.440724,9.553916,1.5208274,"A_32_P86578","NR_036580","ATTTCTGTTGCATTGGTGTTTCCAAAATAATGCTTCGGTTCCAAGTTTCAGGAATTGGTT",0.99989,0.402,0.297,-0.8382135,-0.2489582,1034.74,"MAPK8IP3","mitogen-activated protein kinase 8 interacting protein 3","Upregulated"
26024,0.00977,0.00226,3.312904,-2.021083,1.3523327,"A_23_P101131","NM_002091","TTTTTTATATCTAGGCTACCTGTTGGTTAGATTCAAGGCCCCGAGCTGTTACCATTCACA",NA,0.396,0.299,-0.8486588,-0.2537978,42.4,"PTCD1","pentatricopeptide repeat domain 1","Upregulated"
26061,0.00434,0.00083,3.680543,-1.071544,1.5367412,"A_23_P11256","NM_138703","TGGTAAAATAGGCATTGGGGCTCTAAATTAGAATCCAGGTAGGGCTTGTGTGGGAAGTAC",NA,0.52,0.395,-0.6435834,-0.2540671,99.35,"HACL1","2-hydroxyacyl-CoA lyase 1","Upregulated"
259,4.24e-05,2.51e-06,5.682364,4.558977,2.8098678,"A_19_P00321284","NR_038988","GTTTGCCCTATTATAATGATACCCAGCTATGTCCAGTAACATAACTAGATTGTTCTGAAT",NA,0.832,1.206,-0.2122267,-0.2560083,16.76,"AMBP","alpha-1-microglobulin/bikunin precursor","Upregulated"
1849,0.0089,0.00201,-3.355641,-1.913077,-1.5286516,"A_23_P12082","NM_001025199","ATGATGTGAAGAGTATGGAGACCAAGGTTCAGTTCTTAAAGAATTTAAACCTGGGAGGAG",NA,0.473,0.36,-0.7183276,-0.2587628,142.14,"DUSP7","dual specificity phosphatase 7","Downregulated"
8559,3.14e-06,8.37e-08,-6.849752,7.900837,-1.14775,"A_23_P61149","NM_001017915","TGTTGCTTTTTCAACATAGCAGAATTAATGTAGGGAGCTAAATCCAGTGGTGTGTGTGAA",0.99989,0.359,0.284,-0.9169198,-0.2601269,395.1,"PRPF18","pre-mRNA processing factor 18","Downregulated"
639,0.0014,0.000205,4.177178,0.27197,1.3163479,"linc|TCONS_00006129","","ATAAGTTACATTTCTGCAGAGGTGCTTGACGTTCACACCGTTTGGATTGCTTTATTAAAA",NA,0.606,0.51,-0.5154752,-0.2628133,53.77,"PRDM1","PR/SET domain 1","Upregulated"
23589,2.43e-06,6.01e-08,6.965037,8.225956,1.4532125,"A_21_P0012317","NR_038388","CAAGCTCCAAGGAAGGGACTCTCTACATATCTACATTGTTTGCAGATTTTACAATAATCA",NA,0.489,0.385,-0.6914547,-0.2660765,121.61,"CARHSP1","calcium regulated heat stable protein 1","Upregulated"
55905,0.0033,0.000595,-3.800216,-0.753427,-1.2321824,"linc|TCONS_00003709","","GAGAACAGCCTAAGCCAAGGGAGGGGAGATTCTAAAAGAAATGACTGTAATTAAAGGTAG",NA,0.356,0.289,-0.9226944,-0.2662945,143.19,"RNF114","ring finger protein 114","Downregulated"
3054,5.57e-06,1.79e-07,6.585775,7.152199,1.4337071,"A_33_P3255229","BC066361","GAGCTTACTGCACTGTTGTTACTTGATTCTACAATTCCACTAACTGCTTTTTAAGGTATT",0.99989,0.324,0.272,-0.9863172,-0.2678819,407.38,"HCFC1","host cell factor C1","Upregulated"
5892,0.0205,0.00569,2.959286,-2.886866,1.224248,"A_24_P48057","NM_005853","CAGCTAGACCTGTGCAAAGACTCTCCCTATGAATTGAAGAAAGGTATGTCCGACATTTAA",NA,0.337,0.281,-0.9593084,-0.2694656,101.96,"RAD51D","RAD51 paralog D","Upregulated"
11000,6.64e-05,4.45e-06,5.487955,3.998108,1.4127851,"A_23_P422911","NM_153456","TCTGTACAATAATATGTATGAACTCAGTTACTAGGGGACTGTATTGTGACATTATCAACC",NA,0.653,0.616,-0.4502363,-0.2774703,38.05,"SLC27A3","solute carrier family 27 member 3","Upregulated"
11142,0.00123,0.000174,-4.234345,0.430128,-1.194236,"A_21_P0009009","XM_003118689","AGAAGAGATGAGCTCCTCACTGCAGCTGACCTGCGATTCTCAGGCCACCTTGGTCCTTGA",NA,0.424,0.35,-0.79886,-0.2794702,109.18,"PKIG","cAMP-dependent protein kinase inhibitor gamma","Downregulated"
56943,1.5e-05,6.63e-07,-6.136116,5.865902,-1.7370333,"A_23_P92499","NM_003264","AAGTCCTAGGTTCCCATATTTAAGACCAGTCTTTGTCTAGTTGGGATCTTTATGTCACTA",NA,0.413,0.345,-0.8183157,-0.2823878,156.5,"ENY2","ENY2 transcription and export complex 2 subunit","Downregulated"
9585,6.17e-09,2.17e-11,9.911118,16.005438,1.5968833,"A_24_P295999","NM_000616","GTGCCCACTCTCCACCCCTGCTCCCCTGAGCTGAAATAAAAATACAATAAACTTACTATA",NA,0.494,0.413,-0.6845737,-0.2828222,83.22,"KIF20B","kinesin family member 20B","Upregulated"
9694,2.18e-05,1.08e-06,-5.970636,5.389953,-2.5729834,"A_21_P0000686","NR_037803","AGAGGGAAAAGAGAGAGTTAAAAGAGTCAAAAGGTTTTTGATGCTGGGCTCTGGGCAGTA",0.99989,0.533,0.455,-0.6236099,-0.2839149,325.61,"EMC2","ER membrane protein complex subunit 2","Downregulated"
11046,0.00398,0.000747,3.718626,-0.970747,1.2852867,"A_23_P252566","NR_026772","AATGGCTGCCCAGAAGTGGTAACTTTTCTGGTGCACAGAAAATGCCAGCTTAACATCTGT",NA,0.492,0.422,-0.68645,-0.2893583,70.72,"SLC35D2","solute carrier family 35 member D2","Upregulated"
5296,0.00355,0.000651,3.768104,-0.839177,1.1132473,"A_24_P40094","NM_033064","AGAGCACCGTATAGACCTGCACATGATCCGGCCTTACATGAAAGTGGTCACCCACGGAGG",0.99989,0.364,0.324,-0.9069902,-0.2942126,226.35,"PIK3R2","phosphoinositide-3-kinase regulatory subunit 2","Upregulated"
22870,6.5e-05,4.32e-06,5.498046,4.027218,1.6650478,"linc|TCONS_00016583","","GTACTACTCCTGTGTTCTTCCCCATCTGCCTGTAGGAATTATTTCTTTTTCTAAAATAGT",0.99989,0.359,0.328,-0.9175432,-0.3013822,299.73,"PPP6R1","protein phosphatase 6 regulatory subunit 1","Upregulated"
1540,0.000391,4.17e-05,4.726955,1.814548,1.1880511,"A_21_P0014094","XR_108415","GTGTGGGTTTTTGTCCTCTCGAGTTTTGTCTCTAATAAAGGCCTTTTTTGTTTCAAATTA",0.99989,0.372,0.342,-0.8930004,-0.3050803,582.46,"CYLD","CYLD lysine 63 deubiquitinase","Upregulated"
51322,1.83e-05,8.68e-07,-6.044314,5.601993,-1.1458448,"A_23_P103932","NM_001042747","TTGCAGAGCACTTCCCACCTCTCTGAATAGTGTGTATGTGTTGGTTTATTGATTCTGTAA",0.99989,0.426,0.388,-0.795602,-0.3084448,1148.45,"WAC","WW domain containing adaptor with coiled-coil","Downregulated"
51104,0.00797,0.00176,3.406043,-1.784849,1.161344,"A_24_P37409","NM_004418","AGTATCCCTGTGGAGGACAACCAGATGGTGGAGATCAGTGCCTGGTTCCAGGAGGCCATA",NA,0.454,0.426,-0.7481994,-0.31878,167.29,"ABHD17B","abhydrolase domain containing 17B, depalmitoylase","Upregulated"
57821,0.00143,0.00021,-4.168871,0.24904,-1.3017252,"linc|TCONS_00007790","","TGTTGTGGAAGATGAATCTGGGATGGACTAAGGATGGAACACTAACATTTAAAGAATGGA",NA,0.417,0.399,-0.8123691,-0.3240355,91.95,"CCDC181","coiled-coil domain containing 181","Downregulated"
5510,0.00469,0.000915,-3.645497,-1.163928,-1.1717641,"A_33_P3280157","NR_001290","GGAAAGCTGAACAAAATGAGTGAAAACTCTATACCGTCATCCTCGTCGAACTGAGGTCCA",NA,0.297,0.315,-1.0420299,-0.3282844,187.23,"PPP1R7","protein phosphatase 1 regulatory subunit 7","Downregulated"
11266,6.97e-07,1.17e-08,-7.543669,9.838181,-1.1356359,"A_33_P3348887","NM_006195","GCCACACTTTTCCCTGAGCTACATGCCTTGATAAGTGCATTCAGAGCAATAGGAGGAAAA",NA,0.433,0.428,-0.7848824,-0.3357796,25.37,"DUSP12","dual specificity phosphatase 12","Downregulated"
1984,0.000129,1.03e-05,-5.202754,3.176322,-1.5432594,"A_21_P0012755","XR_133383","AACCATGCCTTTGGATTTCTTCAGTTTCTAAAGGGGAACATCTTTTTAAAGCCTTTGTTG",NA,0.217,0.274,-1.235575,-0.337944,194.78,"EIF5A","eukaryotic translation initiation factor 5A","Downregulated"
57084,0.000885,0.000116,-4.375339,0.822697,-1.2129855,"linc|TCONS_l2_00009664","","CAAACTGTTACAGAATTAATACCCAGAAGTGGTGTGCTGCAACAATAAAAATTGAGCCTC",NA,0.62,0.692,-0.4953662,-0.3427737,28.78,"SLC17A6","solute carrier family 17 member 6","Downregulated"
5160,1.79e-06,3.98e-08,7.109745,8.632321,1.9639816,"A_33_P3256725","NM_003558","GACATACGCTCCATTAGCATTCCGATATTTCAGAGAACTTTTTGGTATCAAGCCTGATGA",NA,0.44,0.449,-0.7714117,-0.3466496,190.88,"PDHA1","pyruvate dehydrogenase E1 subunit alpha 1","Upregulated"
5373,0.000399,4.28e-05,4.718162,1.789559,1.5535267,"ens|ENST00000414407|tc|THC2610021|tc|THC2628030|linc|TCONS_00021537","","GGCCTCCTCATTGCTGCTGGAGTTTTCCATCCTCATTCCACAACAAGCCAAGTCAGCAAG",NA,0.461,0.479,-0.7372012,-0.3532638,47.91,"PMM2","phosphomannomutase 2","Upregulated"
50855,0.00208,0.000337,-4.002119,-0.208255,-1.2063979,"A_23_P114084","NM_000444","TCATTATTTGGGTAGGTGACCTGCTTGGATCTAGACAGCATCTGTTCAAAGTTGTAGGGC",NA,0.545,0.626,-0.6058861,-0.3791501,23.72,"PARD6A","par-6 family cell polarity regulator alpha","Downregulated"
51116,0.00401,0.000755,-3.71494,-0.980519,-1.5053612,"A_21_P0007341","DB451323","GTAGCAGATGAAGAAGGAAGGAAATGAAGTCACTCAATTCTTATATGGCATAATTACTCT",NA,0.348,0.407,-0.9387353,-0.3818694,47.2,"MRPS2","mitochondrial ribosomal protein S2","Downregulated"
9212,3.77e-06,1.06e-07,-6.768749,7.671709,-1.1353106,"A_33_P3422712","","TTTCCGACAGGGATCAAACAGGTAATGGCCTCGCATCTTCGCTGTTGCTGCTGCTCTGGG",NA,0.716,1.064,-0.3640077,-0.3871653,11.3,"AURKB","aurora kinase B","Downregulated"
23275,4.51e-09,1.31e-11,10.112049,16.493765,2.8814413,"A_19_P00321342","AL832443","GTCCCCTCCATCACACACCTGCAGTTTTTCCATTTGAGTGTAATTCTGTTGGACCTTGAA",NA,0.344,0.411,-0.9465501,-0.3887914,68.14,"POFUT2","protein O-fucosyltransferase 2","Upregulated"
51531,0.000423,4.6e-05,-4.693604,1.71981,-1.5431778,"A_24_P183128","NM_016619","TAAAAACTGATGGTGAAAAGCTCTTACCGAAGCAACAAAATTCAGCAGACACCTCTTCAG",NA,0.205,0.308,-1.2671521,-0.3903149,113.02,"TRMO","tRNA methyltransferase O","Downregulated"
57094,3.28e-05,1.82e-06,5.791295,4.873168,1.5761817,"A_23_P109322","NM_006198","CCCTCCTAGTCCACCTGAAAACACCAAATTCAACCATCATCTGTCAAGAAATTAAAAGAA",NA,0.7,1.015,-0.3848185,-0.3904597,10.38,"CPA6","carboxypeptidase A6","Upregulated"
5152,0.00563,0.00115,3.563004,-1.379925,1.1956505,"A_23_P344578","NM_153707","AAGAATTCCCTAAAATGACAAAAAACAAAAAACAAAAAACCTTCACCACTTCCAGAGCAC",NA,0.381,0.45,-0.8757646,-0.3943737,89.27,"PDE9A","phosphodiesterase 9A","Upregulated"
51272,0.0107,0.00253,3.269712,-2.129546,1.1471462,"A_33_P3354141","NM_030885","CAGGGCTGCTTTGTTGAAATGTGATGATTTTCATATGCCTTCTTTCTCTTTCTCTCTCTC",NA,0.311,0.407,-1.0127813,-0.4125939,94.64,"BET1L","Bet1 golgi vesicular membrane trafficking protein like","Upregulated"
23316,3.83e-05,2.21e-06,5.726242,4.685553,1.9668313,"A_23_P111604","NM_152745","ACATTGGGATAACAACTTTCATCACCAATCATTGGACTTTTGTGAAGTCGACACCAGCTA",0.99989,0.228,0.343,-1.2044865,-0.4137234,227.38,"CUX2","cut like homeobox 2","Upregulated"
9764,0.000194,1.73e-05,5.026529,2.670113,1.3873017,"A_21_P0010273","NR_040254","CAGTGGTGTTCTCTCCCAAATTATCAATCATTACCTTGTGGTGTTTTAAAAAGAGGATAG",0.99989,0.231,0.349,-1.1986131,-0.4184566,1194.84,"KIAA0513","KIAA0513","Upregulated"
57180,0.00669,0.00142,-3.485714,-1.580343,-1.2694013,"A_33_P3259745","XR_111804","TTAAAAATTTCAACCGCCTGTACACAGACTGTAACACCAGCAGTCGTGAGGAAGTGCTTG",NA,0.116,0.269,-1.5724622,-0.4233845,144.56,"ACTR3B","actin related protein 3B","Downregulated"
27043,0.000313,3.16e-05,4.821949,2.085005,1.2434536,"A_19_P00805833","XR_109254","TCCTTGCTACTTGGTATCTTGAAATCTGGTACGAAACTATTGCATGATCCCTGCACCTTT",NA,0.127,0.278,-1.5255642,-0.4239759,198.77,"PELP1","proline, glutamate and leucine rich protein 1","Upregulated"
1287,0.000118,9.28e-06,5.238642,3.279592,1.610819,"A_23_P133068","NM_001148","CCCCATCCTCTTTAACTATAAAGCTAATTTGTGACCAAAGATGGCATCCTTCATACTGGA",0.99989,0.287,0.399,-1.0638974,-0.4249936,222.54,"COL4A5","collagen type IV alpha 5 chain","Upregulated"
51593,0.00871,0.00196,-3.365705,-1.887545,-1.1676335,"linc|TCONS_00010521","","CAGAATCAGATCTGTGCTCCTTGATAAAATGTAAAGAATGAATTTGAAGACCAGAGATTG",NA,0.106,0.263,-1.6180282,-0.4256017,202.52,"SRRT","serrate, RNA effector molecule","Downregulated"
51510,1.7e-05,7.8e-07,-6.08069,5.706606,-1.3930937,"A_33_P3236340","AF289593","GGAAGGGCATTCACTGCGTTATATAGATATATATATACACACACACACACACACATATAT",0.99989,0.306,0.421,-1.0237043,-0.4305874,261.36,"CHMP5","charged multivesicular body protein 5","Downregulated"
55738,2.14e-08,1.16e-10,-9.251779,14.363546,-1.1508965,"A_21_P0011306","NM_004710","GTCAGCCGCTCACTCCTCCAGGGCACTTTTAGGAAAGGGTTTTTAGCTAGTGTTTTTCCT",NA,0.105,0.267,-1.6201105,-0.432321,149.31,"ARFGAP1","ADP ribosylation factor GTPase activating protein 1","Downregulated"
5866,0.000179,1.56e-05,5.062361,2.772901,1.8799708,"linc|TCONS_00026366","","GAACTTTTCCAGACAGAACTTCTGGGTAATCCTTTCTTATTTCTTCAAGTCTATTCTTCC",NA,0.44,0.563,-0.7715755,-0.4346437,44.78,"RAB3IL1","RAB3A interacting protein like 1","Upregulated"
4509,3.56e-05,2.01e-06,-5.757629,4.776082,-3.817601,"linc|TCONS_00016062","","GCTTGAAATGGGAGAGAGAAAGAACTGCCACATAATTTGCAAGATCTTTTTTGAAAAAGA",0.99989,0.525,0.715,-0.6353907,-0.4540406,21715.24,"ATP8","ATP synthase F0 subunit 8","Downregulated"
27018,0.000165,1.41e-05,5.096304,2.870344,1.2481593,"A_23_P144264","NM_014820","TCCTGAAATAACAAGTTTAGTGCTTTAACTATGGCTACATGTGCTTAAGGAATTTTGAGC",0.99989,0.241,0.39,-1.1724154,-0.4572576,491.3,"BEX3","brain expressed X-linked 3","Upregulated"
5368,0.000127,1.01e-05,-5.208439,3.192678,-1.6882194,"A_23_P111311","NM_144497","CACAGGAGGAGTTACAGAAACAAGAGAGAGAATCTGCAAAGTCAGAACTTACAGAATCTT",NA,0.628,0.954,-0.484365,-0.4621473,12.7,"PNOC","prepronociceptin","Downregulated"
22834,5.12e-06,1.59e-07,6.627479,7.270832,2.3499461,"A_21_P0011008","BC068278","GCAGACCATTCCTCTTCCTCCTTGGAAAAAATTATCTATCCACTTTCTACATTTTCATGT",0.99989,0.242,0.4,-1.1701915,-0.4684359,980.98,"ZNF652","zinc finger protein 652","Upregulated"
7023,0.002,0.000321,4.019662,-0.160426,1.1900791,"A_21_P0004503","NR_034107","GGAGCATCTCAGACCTTCACAGAACGCTCTGTTAGAAGATGAGAAACATAACGTTGCTTG",NA,0.23,0.391,-1.1996475,-0.4693692,40.69,"TFAP4","transcription factor AP-4","Upregulated"
9970,8.99e-06,3.4e-07,6.365006,6.522167,1.4301662,"A_21_P0011207","BG202349","GACCAAGAGGTTGATCCTCCAAAATTCAAACAAGGAAAAATCTCTCCCAATCTCTCCTTT",NA,0.353,0.506,-0.9291599,-0.4704064,33.25,"NR1I3","nuclear receptor subfamily 1 group I member 3","Upregulated"
1643,0.0395,0.013,2.627658,-3.646831,1.1929859,"A_33_P3411155","XM_001717423","GCTACTTACCTTTAATTGCCAGCATTTGTAAATGATTGTGCAATCTTGTGTAATGGTCTT",NA,0.326,0.481,-0.9830876,-0.4726094,54.53,"DDB2","damage specific DNA binding protein 2","Upregulated"
11332,4.1e-06,1.18e-07,6.730231,7.562564,1.3475363,"A_33_P3339436","NR_024264","GCTCCTGGGTCCCTAAAAATTGCTGAGTGTGTTTCCTTTTTTGTAAAATAGGTATATTAA",NA,0.285,0.447,-1.0697164,-0.4782778,205.75,"ACOT7","acyl-CoA thioesterase 7","Upregulated"
1869,3.08e-05,1.68e-06,5.819791,4.955332,1.5902408,"A_24_P387609","NM_030940","TCTTCAACTATAGTACAGATTAGTTCTGAGTGATGGTATCAAAAGGTGAGAAAGACGTCA",NA,0.526,0.76,-0.6335359,-0.4814633,19.28,"E2F1","E2F transcription factor 1","Upregulated"
58491,2.37e-07,2.78e-09,8.060748,11.24742,1.468715,"A_33_P3231814","BC030764","GTACTTTACTCCACTATACATTTGAAAGTGGGTGCAATGGAAAAGTTTATGTGATGAGTT",NA,0.295,0.462,-1.048217,-0.4847412,94.34,"ZNF71","zinc finger protein 71","Upregulated"
6170,0.000177,1.54e-05,5.065576,2.78213,2.4586352,"A_23_P101683","NM_001828","TCTCCCTGACCAAATTTAATGTCAGCTATTTAAAGAGATAACCAGACTTCATGTTGCCAA",0.99989,0.319,0.491,-0.9970667,-0.4891197,314.64,"RPL39","ribosomal protein L39","Upregulated"
22921,0.0242,0.00698,2.878512,-3.07697,1.4229922,"A_23_P370786","NM_175911","TGTATGGTGTATACAAACATATTTTTGTTATATACAATATTGCTGATGAACTGAAAATTA",NA,0.088,0.293,-1.7059468,-0.4995534,78.48,"MSRB2","methionine sulfoxide reductase B2","Upregulated"
4849,0.0088,0.00198,3.361383,-1.898513,1.3508172,"linc|TCONS_00000874","","AGTGCTTGTTCAACATGCTTCTGCAACATCACTTGGTCCTCGAAAATTTCTGGTTTGGGA",NA,0.117,0.336,-1.5685602,-0.5274952,155.62,"CNOT3","CCR4-NOT transcription complex subunit 3","Upregulated"
8048,1.88e-06,4.28e-08,-7.084336,8.561112,-1.1898816,"A_23_P114466","NM_033284","TACAGTGTAGCTTTCAGCCCCGATGGAAAGTACTTGGCTAGTGGATCCTTTGACAAGTAT",NA,0.619,1.065,-0.4967025,-0.5287403,8.89,"CSRP3","cysteine and glycine rich protein 3","Downregulated"
9739,1.32e-06,2.67e-08,7.249794,9.02366,2.4312054,"A_21_P0008873","NM_001243722","GTCCTTAACGTCAGACTTTCTCCAAGACAAAAACTCTAAGAACTTATTTCCATTCTTACA",NA,0.0939,0.325,-1.6750243,-0.5439678,140.62,"SETD1A","SET domain containing 1A, histone lysine methyltransferase","Upregulated"
1489,3.66e-05,2.09e-06,5.744294,4.737623,1.149684,"A_24_P410627","NM_001145125","GTTTCCTGACGTTTTACATTTCCACTTTCCTATTCCATTCATTAAGCTAGCCAACAATCC",NA,0.545,0.903,-0.6050807,-0.5464624,10.29,"CTF1","cardiotrophin 1","Upregulated"
2874,6.75e-05,4.55e-06,5.48029,3.975998,1.1778653,"A_24_P602507","NM_001013619","CCAGAATCGAAACCGAGAGATTGTTGAGCATGTCATTCATCTGTTCAAGGAGGAAGTAAT",NA,0.084,0.32,-1.7277242,-0.5530173,137.9,"GPS2","G protein pathway suppressor 2","Upregulated"
3872,3.61e-09,9.57e-12,-10.240122,16.802091,-1.369887,"A_23_P101013","NM_007267","CAGATCAGCAATGAGGGTGAGGACAAAATCTTCTTAATCAACAAGCTTCACTCCATCTAC",NA,0.398,0.7,-0.8448558,-0.5913346,23.17,"KRT17","keratin 17","Downregulated"
2786,0.000309,3.11e-05,-4.827015,2.099455,-1.4842401,"A_33_P3353343","NM_016333","GGAGACTGCTACGAAACAGCCTAGCAGCCCTTATGAAGACAAAGATAAAGACAAGAAGGA",NA,0.158,0.423,-1.4119276,-0.5974331,158.97,"GNG4","G protein subunit gamma 4","Downregulated"
51733,6.5e-05,4.32e-06,-5.498382,4.028186,-1.389138,"A_23_P153320","NM_000201","GAAATACTGAAACTTGCTGCCTATTGGGTATGCTGAGGCCCACAGACTTACAGAAGAAGT",NA,0.579,1.102,-0.5550311,-0.6115379,18.2,"UPB1","beta-ureidopropionase 1","Downregulated"
3801,0.000516,5.94e-05,-4.605313,1.469619,-1.182532,"A_23_P329573","NM_000211","GCCAATTTATTTACATTTAAACTTGTCAGGGTATAAAATGACATCCCATTAATTATATTG",NA,0.0369,0.294,-2.0872649,-0.6138169,126.88,"KIFC3","kinesin family member C3","Downregulated"
23513,8.08e-05,5.76e-06,5.40032,3.74538,1.4413772,"A_23_P88909","NM_004209","ACAGGCTGCTAGAACAGCCCAGCCCTGTCAGTGTTGTGATCATGGTCCAGTCTTCGGGTT",NA,0.0622,0.344,-1.8646337,-0.6417944,193.72,"SCRIB","scribble planar cell polarity protein","Upregulated"
55083,0.00196,0.000312,4.029113,-0.134632,1.8846686,"A_23_P140797","NM_001796","TTGATGTCGATGAATTTATAAATGTAAGGCTGCATGAGGCAGATAATGATCCCACGGCCC",NA,0.0402,0.313,-2.0513597,-0.6418174,173.55,"KIF26B","kinesin family member 26B","Upregulated"
10671,6.48e-05,4.3e-06,5.499754,4.032142,1.5399406,"A_33_P3221408","NM_001113226","GGCAACGAACGTGCTGGCATCAAAGAATATCAGTTTACATATATAACAAGTGTAATAAGA",NA,0.169,0.526,-1.3750998,-0.7236519,151.13,"DCTN6","dynactin subunit 6","Upregulated"
51605,3.48e-06,9.53e-08,-6.804638,7.773295,-1.7520176,"A_23_P92499","NM_003264","AAGTCCTAGGTTCCCATATTTAAGACCAGTCTTTGTCTAGTTGGGATCTTTATGTCACTA",NA,0.0354,0.353,-2.1041311,-0.7437793,63.7,"TRMT6","tRNA methyltransferase 6 non-catalytic subunit","Downregulated"
4826,1.5e-05,6.59e-07,-6.138154,5.871758,-1.5186579,"linc|TCONS_l2_00021491|linc|TCONS_l2_00021492|linc|TCONS_l2_00021490","","GTTTGGGAGACCTTTTGTTCCCCTTGAGTGGATGCTGTACATTTGGTGCTTTAGAAAAAA",NA,0.099,0.502,-1.6496997,-0.8276423,113.51,"NNAT","neuronatin","Downregulated"
23091,0.00209,0.000339,4.00068,-0.212175,1.6644932,"A_23_P103877","NM_001010847","ATATAATAGGCCTCAGCAACCTTGGGATGTTATACTGGGAACTAATAAACTCGTGTGCAA",0.28637,0.00268,0.302,-3.0024285,-0.9070117,1688.87,"ZC3H13","zinc finger CCCH-type containing 13","Upregulated"
8941,0.00166,0.000252,4.103897,0.070163,1.6094992,"A_23_P302634","NM_173591","TGCAAAGTCTGCTATAGCTATCCAAATTAAGGTACCCTTTAATATGTACTCCTTAATCTG",NA,0.0223,0.408,-2.2853602,-0.933412,93.13,"CDK5R2","cyclin dependent kinase 5 regulatory subunit 2","Upregulated"
56475,2.54e-05,1.31e-06,-5.903945,5.197874,-1.3429584,"A_21_P0002706","XR_108503","GGGAGGATGGGAGAGGGCCATGATAGTTAAAACTAAAAATAAGATTTACTTGGAGAACTG",NA,0.277,0.901,-1.0865643,-0.9787198,14.82,"RPRM","reprimo, TP53 dependent G2 arrest mediator homolog","Downregulated"
7461,0.000134,1.09e-05,-5.185226,3.125901,-1.3876051,"A_23_P110712","NM_004417","TGTCTACTCCTAGAAGAACCAAATACCTCAATTTTTGTTTTTGAGTACTGTACTATCCTG",0.28637,0.00293,0.337,-2.9754969,-1.0033026,795.38,"CLIP2","CAP-Gly domain containing linker protein 2","Downregulated"
23569,8.3e-06,3.05e-07,6.40186,6.62756,1.2289957,"A_24_P395621","NM_173079","ACATATGTGGATGCTAATGAAATCATAGTATTTTGTGTAGCTTCTCTGAAGACCTTAGAG",NA,0.317,1.066,-1.0008172,-1.0667703,14.67,"PADI4","peptidyl arginine deiminase 4","Upregulated"
10591,0.0196,0.00538,2.980772,-2.835787,1.1206302,"A_23_P52480","NM_000772","GCTATTCTCCATACTCTGTATCACTTGTATTGACCACCACATATGCTAATACCTATCTAC",NA,0.113,0.685,-1.5853004,-1.0864958,19.27,"DNPH1","2-deoxynucleoside 5-phosphate N-hydrolase 1","Upregulated"
3039,1.53e-07,1.59e-09,-8.265264,11.795773,-2.5405589,"A_23_P200138","NM_020125","TGCACCAGGGCCTTGTTGAACAGATCCACACTGCTCTAATAAAGTTCCCATCCTTAATGA",NA,7.5e-05,0.514,-3.9599492,-2.0367821,71.16,"HBA1","hemoglobin subunit alpha 1","Downregulated"
